,Type,Maker,Model,Years,Sales,Debut
0,HEV,Acura,ILX,1999,0,2012
1,HEV,Acura,ILX,2000,0,2012
2,HEV,Acura,ILX,2001,0,2012
3,HEV,Acura,ILX,2002,0,2012
4,HEV,Acura,ILX,2003,0,2012
5,HEV,Acura,ILX,2004,0,2012
6,HEV,Acura,ILX,2005,0,2012
7,HEV,Acura,ILX,2006,0,2012
8,HEV,Acura,ILX,2007,0,2012
9,HEV,Acura,ILX,2008,0,2012
10,HEV,Acura,ILX,2009,0,2012
11,HEV,Acura,ILX,2010,0,2012
12,HEV,Acura,ILX,2011,0,2012
13,HEV,Acura,ILX,2012,972,2012
14,HEV,Acura,ILX,2013,1461,2012
15,HEV,Acura,ILX,2014,379,2012
16,HEV,Acura,ILX,2015,22,2012
17,HEV,Acura,ILX,2016,1,2012
18,HEV,Acura,ILX,2017,0,2012
19,HEV,Acura,MDX,1999,0,2017
20,HEV,Acura,MDX,2000,0,2017
21,HEV,Acura,MDX,2001,0,2017
22,HEV,Acura,MDX,2002,0,2017
23,HEV,Acura,MDX,2003,0,2017
24,HEV,Acura,MDX,2004,0,2017
25,HEV,Acura,MDX,2005,0,2017
26,HEV,Acura,MDX,2006,0,2017
27,HEV,Acura,MDX,2007,0,2017
28,HEV,Acura,MDX,2008,0,2017
29,HEV,Acura,MDX,2009,0,2017
30,HEV,Acura,MDX,2010,0,2017
31,HEV,Acura,MDX,2011,0,2017
32,HEV,Acura,MDX,2012,0,2017
33,HEV,Acura,MDX,2013,0,2017
34,HEV,Acura,MDX,2014,0,2017
35,HEV,Acura,MDX,2015,0,2017
36,HEV,Acura,MDX,2016,0,2017
37,HEV,Acura,MDX,2017,1807,2017
38,HEV,Acura,NSX,1999,0,2017
39,HEV,Acura,NSX,2000,0,2017
40,HEV,Acura,NSX,2001,0,2017
41,HEV,Acura,NSX,2002,0,2017
42,HEV,Acura,NSX,2003,0,2017
43,HEV,Acura,NSX,2004,0,2017
44,HEV,Acura,NSX,2005,0,2017
45,HEV,Acura,NSX,2006,0,2017
46,HEV,Acura,NSX,2007,0,2017
47,HEV,Acura,NSX,2008,0,2017
48,HEV,Acura,NSX,2009,0,2017
49,HEV,Acura,NSX,2010,0,2017
50,HEV,Acura,NSX,2011,0,2017
51,HEV,Acura,NSX,2012,0,2017
52,HEV,Acura,NSX,2013,0,2017
53,HEV,Acura,NSX,2014,0,2017
54,HEV,Acura,NSX,2015,0,2017
55,HEV,Acura,NSX,2016,267,2017
56,HEV,Acura,NSX,2017,581,2017
57,HEV,Acura,RLX,1999,0,2014
58,HEV,Acura,RLX,2000,0,2014
59,HEV,Acura,RLX,2001,0,2014
60,HEV,Acura,RLX,2002,0,2014
61,HEV,Acura,RLX,2003,0,2014
62,HEV,Acura,RLX,2004,0,2014
63,HEV,Acura,RLX,2005,0,2014
64,HEV,Acura,RLX,2006,0,2014
65,HEV,Acura,RLX,2007,0,2014
66,HEV,Acura,RLX,2008,0,2014
67,HEV,Acura,RLX,2009,0,2014
68,HEV,Acura,RLX,2010,0,2014
69,HEV,Acura,RLX,2011,0,2014
70,HEV,Acura,RLX,2012,0,2014
71,HEV,Acura,RLX,2013,0,2014
72,HEV,Acura,RLX,2014,133,2014
73,HEV,Acura,RLX,2015,250,2014
74,HEV,Acura,RLX,2016,199,2014
75,HEV,Acura,RLX,2017,292,2014
76,HEV,Audi,Q5 Hybrid,1999,0,2012
77,HEV,Audi,Q5 Hybrid,2000,0,2012
78,HEV,Audi,Q5 Hybrid,2001,0,2012
79,HEV,Audi,Q5 Hybrid,2002,0,2012
80,HEV,Audi,Q5 Hybrid,2003,0,2012
81,HEV,Audi,Q5 Hybrid,2004,0,2012
82,HEV,Audi,Q5 Hybrid,2005,0,2012
83,HEV,Audi,Q5 Hybrid,2006,0,2012
84,HEV,Audi,Q5 Hybrid,2007,0,2012
85,HEV,Audi,Q5 Hybrid,2008,0,2012
86,HEV,Audi,Q5 Hybrid,2009,0,2012
87,HEV,Audi,Q5 Hybrid,2010,0,2012
88,HEV,Audi,Q5 Hybrid,2011,0,2012
89,HEV,Audi,Q5 Hybrid,2012,270,2012
90,HEV,Audi,Q5 Hybrid,2013,854,2012
91,HEV,Audi,Q5 Hybrid,2014,283,2012
92,HEV,Audi,Q5 Hybrid,2015,97,2012
93,HEV,Audi,Q5 Hybrid,2016,18,2012
94,HEV,Audi,Q5 Hybrid,2017,0,2012
95,HEV,BMW,ActiveHybrid 3 (335ih),1999,0,2012
96,HEV,BMW,ActiveHybrid 3 (335ih),2000,0,2012
97,HEV,BMW,ActiveHybrid 3 (335ih),2001,0,2012
98,HEV,BMW,ActiveHybrid 3 (335ih),2002,0,2012
99,HEV,BMW,ActiveHybrid 3 (335ih),2003,0,2012
100,HEV,BMW,ActiveHybrid 3 (335ih),2004,0,2012
101,HEV,BMW,ActiveHybrid 3 (335ih),2005,0,2012
102,HEV,BMW,ActiveHybrid 3 (335ih),2006,0,2012
103,HEV,BMW,ActiveHybrid 3 (335ih),2007,0,2012
104,HEV,BMW,ActiveHybrid 3 (335ih),2008,0,2012
105,HEV,BMW,ActiveHybrid 3 (335ih),2009,0,2012
106,HEV,BMW,ActiveHybrid 3 (335ih),2010,0,2012
107,HEV,BMW,ActiveHybrid 3 (335ih),2011,0,2012
108,HEV,BMW,ActiveHybrid 3 (335ih),2012,402,2012
109,HEV,BMW,ActiveHybrid 3 (335ih),2013,905,2012
110,HEV,BMW,ActiveHybrid 3 (335ih),2014,151,2012
111,HEV,BMW,ActiveHybrid 3 (335ih),2015,30,2012
112,HEV,BMW,ActiveHybrid 3 (335ih),2016,0,2012
113,HEV,BMW,ActiveHybrid 3 (335ih),2017,0,2012
114,HEV,BMW,ActiveHybrid 5 (535ih),1999,0,2012
115,HEV,BMW,ActiveHybrid 5 (535ih),2000,0,2012
116,HEV,BMW,ActiveHybrid 5 (535ih),2001,0,2012
117,HEV,BMW,ActiveHybrid 5 (535ih),2002,0,2012
118,HEV,BMW,ActiveHybrid 5 (535ih),2003,0,2012
119,HEV,BMW,ActiveHybrid 5 (535ih),2004,0,2012
120,HEV,BMW,ActiveHybrid 5 (535ih),2005,0,2012
121,HEV,BMW,ActiveHybrid 5 (535ih),2006,0,2012
122,HEV,BMW,ActiveHybrid 5 (535ih),2007,0,2012
123,HEV,BMW,ActiveHybrid 5 (535ih),2008,0,2012
124,HEV,BMW,ActiveHybrid 5 (535ih),2009,0,2012
125,HEV,BMW,ActiveHybrid 5 (535ih),2010,0,2012
126,HEV,BMW,ActiveHybrid 5 (535ih),2011,0,2012
127,HEV,BMW,ActiveHybrid 5 (535ih),2012,403,2012
128,HEV,BMW,ActiveHybrid 5 (535ih),2013,520,2012
129,HEV,BMW,ActiveHybrid 5 (535ih),2014,112,2012
130,HEV,BMW,ActiveHybrid 5 (535ih),2015,25,2012
131,HEV,BMW,ActiveHybrid 5 (535ih),2016,18,2012
132,HEV,BMW,ActiveHybrid 5 (535ih),2017,0,2012
133,HEV,BMW,ActiveHybrid 7,1999,0,2010
134,HEV,BMW,ActiveHybrid 7,2000,0,2010
135,HEV,BMW,ActiveHybrid 7,2001,0,2010
136,HEV,BMW,ActiveHybrid 7,2002,0,2010
137,HEV,BMW,ActiveHybrid 7,2003,0,2010
138,HEV,BMW,ActiveHybrid 7,2004,0,2010
139,HEV,BMW,ActiveHybrid 7,2005,0,2010
140,HEV,BMW,ActiveHybrid 7,2006,0,2010
141,HEV,BMW,ActiveHybrid 7,2007,0,2010
142,HEV,BMW,ActiveHybrid 7,2008,0,2010
143,HEV,BMW,ActiveHybrid 7,2009,0,2010
144,HEV,BMW,ActiveHybrid 7,2010,102,2010
145,HEV,BMW,ActiveHybrid 7,2011,338,2010
146,HEV,BMW,ActiveHybrid 7,2012,230,2010
147,HEV,BMW,ActiveHybrid 7,2013,31,2010
148,HEV,BMW,ActiveHybrid 7,2014,45,2010
149,HEV,BMW,ActiveHybrid 7,2015,12,2010
150,HEV,BMW,ActiveHybrid 7,2016,46,2010
151,HEV,BMW,ActiveHybrid 7,2017,0,2010
152,HEV,BMW,X6,1999,0,2010
153,HEV,BMW,X6,2000,0,2010
154,HEV,BMW,X6,2001,0,2010
155,HEV,BMW,X6,2002,0,2010
156,HEV,BMW,X6,2003,0,2010
157,HEV,BMW,X6,2004,0,2010
158,HEV,BMW,X6,2005,0,2010
159,HEV,BMW,X6,2006,0,2010
160,HEV,BMW,X6,2007,0,2010
161,HEV,BMW,X6,2008,0,2010
162,HEV,BMW,X6,2009,0,2010
163,HEV,BMW,X6,2010,205,2010
164,HEV,BMW,X6,2011,43,2010
165,HEV,BMW,X6,2012,3,2010
166,HEV,BMW,X6,2013,0,2010
167,HEV,BMW,X6,2014,0,2010
168,HEV,BMW,X6,2015,0,2010
169,HEV,BMW,X6,2016,0,2010
170,HEV,BMW,X6,2017,0,2010
171,HEV,Buick,LaCrosse,1999,0,2011
172,HEV,Buick,LaCrosse,2000,0,2011
173,HEV,Buick,LaCrosse,2001,0,2011
174,HEV,Buick,LaCrosse,2002,0,2011
175,HEV,Buick,LaCrosse,2003,0,2011
176,HEV,Buick,LaCrosse,2004,0,2011
177,HEV,Buick,LaCrosse,2005,0,2011
178,HEV,Buick,LaCrosse,2006,0,2011
179,HEV,Buick,LaCrosse,2007,0,2011
180,HEV,Buick,LaCrosse,2008,0,2011
181,HEV,Buick,LaCrosse,2009,0,2011
182,HEV,Buick,LaCrosse,2010,0,2011
183,HEV,Buick,LaCrosse,2011,1801,2011
184,HEV,Buick,LaCrosse,2012,12010,2011
185,HEV,Buick,LaCrosse,2013,7133,2011
186,HEV,Buick,LaCrosse,2014,7353,2011
187,HEV,Buick,LaCrosse,2015,4042,2011
188,HEV,Buick,LaCrosse,2016,765,2011
189,HEV,Buick,LaCrosse,2017,506,2011
190,HEV,Buick,Regal,1999,0,2011
191,HEV,Buick,Regal,2000,0,2011
192,HEV,Buick,Regal,2001,0,2011
193,HEV,Buick,Regal,2002,0,2011
194,HEV,Buick,Regal,2003,0,2011
195,HEV,Buick,Regal,2004,0,2011
196,HEV,Buick,Regal,2005,0,2011
197,HEV,Buick,Regal,2006,0,2011
198,HEV,Buick,Regal,2007,0,2011
199,HEV,Buick,Regal,2008,0,2011
200,HEV,Buick,Regal,2009,0,2011
201,HEV,Buick,Regal,2010,0,2011
202,HEV,Buick,Regal,2011,123,2011
203,HEV,Buick,Regal,2012,2564,2011
204,HEV,Buick,Regal,2013,2893,2011
205,HEV,Buick,Regal,2014,662,2011
206,HEV,Buick,Regal,2015,186,2011
207,HEV,Buick,Regal,2016,45,2011
208,HEV,Buick,Regal,2017,6,2011
209,HEV,Cadillac,Escalade,1999,0,2008
210,HEV,Cadillac,Escalade,2000,0,2008
211,HEV,Cadillac,Escalade,2001,0,2008
212,HEV,Cadillac,Escalade,2002,0,2008
213,HEV,Cadillac,Escalade,2003,0,2008
214,HEV,Cadillac,Escalade,2004,0,2008
215,HEV,Cadillac,Escalade,2005,0,2008
216,HEV,Cadillac,Escalade,2006,0,2008
217,HEV,Cadillac,Escalade,2007,0,2008
218,HEV,Cadillac,Escalade,2008,801,2008
219,HEV,Cadillac,Escalade,2009,1958,2008
220,HEV,Cadillac,Escalade,2010,1210,2008
221,HEV,Cadillac,Escalade,2011,819,2008
222,HEV,Cadillac,Escalade,2012,708,2008
223,HEV,Cadillac,Escalade,2013,372,2008
224,HEV,Cadillac,Escalade,2014,41,2008
225,HEV,Cadillac,Escalade,2015,7,2008
226,HEV,Cadillac,Escalade,2016,0,2008
227,HEV,Cadillac,Escalade,2017,0,2008
228,HEV,Chevrolet,Impala Hybrid,1999,0,2013
229,HEV,Chevrolet,Impala Hybrid,2000,0,2013
230,HEV,Chevrolet,Impala Hybrid,2001,0,2013
231,HEV,Chevrolet,Impala Hybrid,2002,0,2013
232,HEV,Chevrolet,Impala Hybrid,2003,0,2013
233,HEV,Chevrolet,Impala Hybrid,2004,0,2013
234,HEV,Chevrolet,Impala Hybrid,2005,0,2013
235,HEV,Chevrolet,Impala Hybrid,2006,0,2013
236,HEV,Chevrolet,Impala Hybrid,2007,0,2013
237,HEV,Chevrolet,Impala Hybrid,2008,0,2013
238,HEV,Chevrolet,Impala Hybrid,2009,0,2013
239,HEV,Chevrolet,Impala Hybrid,2010,0,2013
240,HEV,Chevrolet,Impala Hybrid,2011,0,2013
241,HEV,Chevrolet,Impala Hybrid,2012,0,2013
242,HEV,Chevrolet,Impala Hybrid,2013,51,2013
243,HEV,Chevrolet,Impala Hybrid,2014,565,2013
244,HEV,Chevrolet,Impala Hybrid,2015,272,2013
245,HEV,Chevrolet,Impala Hybrid,2016,35,2013
246,HEV,Chevrolet,Impala Hybrid,2017,1,2013
247,HEV,Chevrolet,Malibu Hybrid,1999,0,2008
248,HEV,Chevrolet,Malibu Hybrid,2000,0,2008
249,HEV,Chevrolet,Malibu Hybrid,2001,0,2008
250,HEV,Chevrolet,Malibu Hybrid,2002,0,2008
251,HEV,Chevrolet,Malibu Hybrid,2003,0,2008
252,HEV,Chevrolet,Malibu Hybrid,2004,0,2008
253,HEV,Chevrolet,Malibu Hybrid,2005,0,2008
254,HEV,Chevrolet,Malibu Hybrid,2006,0,2008
255,HEV,Chevrolet,Malibu Hybrid,2007,0,2008
256,HEV,Chevrolet,Malibu Hybrid,2008,2093,2008
257,HEV,Chevrolet,Malibu Hybrid,2009,4162,2008
258,HEV,Chevrolet,Malibu Hybrid,2010,405,2008
259,HEV,Chevrolet,Malibu Hybrid,2011,19,2008
260,HEV,Chevrolet,Malibu Hybrid,2012,16664,2008
261,HEV,Chevrolet,Malibu Hybrid,2013,13779,2008
262,HEV,Chevrolet,Malibu Hybrid,2014,1018,2008
263,HEV,Chevrolet,Malibu Hybrid,2015,59,2008
264,HEV,Chevrolet,Malibu Hybrid,2016,4335,2008
265,HEV,Chevrolet,Malibu Hybrid,2017,4452,2008
266,HEV,Chevrolet,Sierra/Silverado,1999,0,2009
267,HEV,Chevrolet,Sierra/Silverado,2000,0,2009
268,HEV,Chevrolet,Sierra/Silverado,2001,0,2009
269,HEV,Chevrolet,Sierra/Silverado,2002,0,2009
270,HEV,Chevrolet,Sierra/Silverado,2003,0,2009
271,HEV,Chevrolet,Sierra/Silverado,2004,0,2009
272,HEV,Chevrolet,Sierra/Silverado,2005,0,2009
273,HEV,Chevrolet,Sierra/Silverado,2006,0,2009
274,HEV,Chevrolet,Sierra/Silverado,2007,0,2009
275,HEV,Chevrolet,Sierra/Silverado,2008,0,2009
276,HEV,Chevrolet,Sierra/Silverado,2009,1598,2009
277,HEV,Chevrolet,Sierra/Silverado,2010,1960,2009
278,HEV,Chevrolet,Sierra/Silverado,2011,1001,2009
279,HEV,Chevrolet,Sierra/Silverado,2012,469,2009
280,HEV,Chevrolet,Sierra/Silverado,2013,104,2009
281,HEV,Chevrolet,Sierra/Silverado,2014,24,2009
282,HEV,Chevrolet,Sierra/Silverado,2015,2,2009
283,HEV,Chevrolet,Sierra/Silverado,2016,0,2009
284,HEV,Chevrolet,Sierra/Silverado,2017,0,2009
285,HEV,Chevrolet,Tahoe,1999,0,2008
286,HEV,Chevrolet,Tahoe,2000,0,2008
287,HEV,Chevrolet,Tahoe,2001,0,2008
288,HEV,Chevrolet,Tahoe,2002,0,2008
289,HEV,Chevrolet,Tahoe,2003,0,2008
290,HEV,Chevrolet,Tahoe,2004,0,2008
291,HEV,Chevrolet,Tahoe,2005,0,2008
292,HEV,Chevrolet,Tahoe,2006,0,2008
293,HEV,Chevrolet,Tahoe,2007,0,2008
294,HEV,Chevrolet,Tahoe,2008,3745,2008
295,HEV,Chevrolet,Tahoe,2009,3300,2008
296,HEV,Chevrolet,Tahoe,2010,1426,2008
297,HEV,Chevrolet,Tahoe,2011,519,2008
298,HEV,Chevrolet,Tahoe,2012,533,2008
299,HEV,Chevrolet,Tahoe,2013,376,2008
300,HEV,Chevrolet,Tahoe,2014,65,2008
301,HEV,Chevrolet,Tahoe,2015,8,2008
302,HEV,Chevrolet,Tahoe,2016,0,2008
303,HEV,Chevrolet,Tahoe,2017,0,2008
304,HEV,Chrysler,Aspen,1999,0,2008
305,HEV,Chrysler,Aspen,2000,0,2008
306,HEV,Chrysler,Aspen,2001,0,2008
307,HEV,Chrysler,Aspen,2002,0,2008
308,HEV,Chrysler,Aspen,2003,0,2008
309,HEV,Chrysler,Aspen,2004,0,2008
310,HEV,Chrysler,Aspen,2005,0,2008
311,HEV,Chrysler,Aspen,2006,0,2008
312,HEV,Chrysler,Aspen,2007,0,2008
313,HEV,Chrysler,Aspen,2008,46,2008
314,HEV,Chrysler,Aspen,2009,33,2008
315,HEV,Chrysler,Aspen,2010,0,2008
316,HEV,Chrysler,Aspen,2011,0,2008
317,HEV,Chrysler,Aspen,2012,0,2008
318,HEV,Chrysler,Aspen,2013,0,2008
319,HEV,Chrysler,Aspen,2014,0,2008
320,HEV,Chrysler,Aspen,2015,0,2008
321,HEV,Chrysler,Aspen,2016,0,2008
322,HEV,Chrysler,Aspen,2017,0,2008
323,HEV,Dodge,Durango,1999,0,2009
324,HEV,Dodge,Durango,2000,0,2009
325,HEV,Dodge,Durango,2001,0,2009
326,HEV,Dodge,Durango,2002,0,2009
327,HEV,Dodge,Durango,2003,0,2009
328,HEV,Dodge,Durango,2004,0,2009
329,HEV,Dodge,Durango,2005,0,2009
330,HEV,Dodge,Durango,2006,0,2009
331,HEV,Dodge,Durango,2007,0,2009
332,HEV,Dodge,Durango,2008,0,2009
333,HEV,Dodge,Durango,2009,9,2009
334,HEV,Dodge,Durango,2010,0,2009
335,HEV,Dodge,Durango,2011,0,2009
336,HEV,Dodge,Durango,2012,0,2009
337,HEV,Dodge,Durango,2013,0,2009
338,HEV,Dodge,Durango,2014,0,2009
339,HEV,Dodge,Durango,2015,0,2009
340,HEV,Dodge,Durango,2016,0,2009
341,HEV,Dodge,Durango,2017,0,2009
342,HEV,Ford,C-Max Hybrid,1999,0,2012
343,HEV,Ford,C-Max Hybrid,2000,0,2012
344,HEV,Ford,C-Max Hybrid,2001,0,2012
345,HEV,Ford,C-Max Hybrid,2002,0,2012
346,HEV,Ford,C-Max Hybrid,2003,0,2012
347,HEV,Ford,C-Max Hybrid,2004,0,2012
348,HEV,Ford,C-Max Hybrid,2005,0,2012
349,HEV,Ford,C-Max Hybrid,2006,0,2012
350,HEV,Ford,C-Max Hybrid,2007,0,2012
351,HEV,Ford,C-Max Hybrid,2008,0,2012
352,HEV,Ford,C-Max Hybrid,2009,0,2012
353,HEV,Ford,C-Max Hybrid,2010,0,2012
354,HEV,Ford,C-Max Hybrid,2011,0,2012
355,HEV,Ford,C-Max Hybrid,2012,10935,2012
356,HEV,Ford,C-Max Hybrid,2013,28056,2012
357,HEV,Ford,C-Max Hybrid,2014,19162,2012
358,HEV,Ford,C-Max Hybrid,2015,14177,2012
359,HEV,Ford,C-Max Hybrid,2016,11877,2012
360,HEV,Ford,C-Max Hybrid,2017,10221,2012
361,HEV,Ford,Escape,1999,0,2004
362,HEV,Ford,Escape,2000,0,2004
363,HEV,Ford,Escape,2001,0,2004
364,HEV,Ford,Escape,2002,0,2004
365,HEV,Ford,Escape,2003,0,2004
366,HEV,Ford,Escape,2004,2993,2004
367,HEV,Ford,Escape,2005,18797,2004
368,HEV,Ford,Escape,2006,20149,2004
369,HEV,Ford,Escape,2007,21386,2004
370,HEV,Ford,Escape,2008,17173,2004
371,HEV,Ford,Escape,2009,14787,2004
372,HEV,Ford,Escape,2010,11182,2004
373,HEV,Ford,Escape,2011,10089,2004
374,HEV,Ford,Escape,2012,1440,2004
375,HEV,Ford,Escape,2013,0,2004
376,HEV,Ford,Escape,2014,0,2004
377,HEV,Ford,Escape,2015,0,2004
378,HEV,Ford,Escape,2016,0,2004
379,HEV,Ford,Escape,2017,0,2004
380,HEV,Ford,Fusion,1999,0,2009
381,HEV,Ford,Fusion,2000,0,2009
382,HEV,Ford,Fusion,2001,0,2009
383,HEV,Ford,Fusion,2002,0,2009
384,HEV,Ford,Fusion,2003,0,2009
385,HEV,Ford,Fusion,2004,0,2009
386,HEV,Ford,Fusion,2005,0,2009
387,HEV,Ford,Fusion,2006,0,2009
388,HEV,Ford,Fusion,2007,0,2009
389,HEV,Ford,Fusion,2008,0,2009
390,HEV,Ford,Fusion,2009,15554,2009
391,HEV,Ford,Fusion,2010,20816,2009
392,HEV,Ford,Fusion,2011,11286,2009
393,HEV,Ford,Fusion,2012,14100,2009
394,HEV,Ford,Fusion,2013,37270,2009
395,HEV,Ford,Fusion,2014,35425,2009
396,HEV,Ford,Fusion,2015,24681,2009
397,HEV,Ford,Fusion,2016,33648,2009
398,HEV,Ford,Fusion,2017,57474,2009
399,HEV,GMC,Sierra,1999,0,2010
400,HEV,GMC,Sierra,2000,0,2010
401,HEV,GMC,Sierra,2001,0,2010
402,HEV,GMC,Sierra,2002,0,2010
403,HEV,GMC,Sierra,2003,0,2010
404,HEV,GMC,Sierra,2004,0,2010
405,HEV,GMC,Sierra,2005,0,2010
406,HEV,GMC,Sierra,2006,0,2010
407,HEV,GMC,Sierra,2007,0,2010
408,HEV,GMC,Sierra,2008,0,2010
409,HEV,GMC,Sierra,2009,0,2010
410,HEV,GMC,Sierra,2010,433,2010
411,HEV,GMC,Sierra,2011,164,2010
412,HEV,GMC,Sierra,2012,471,2010
413,HEV,GMC,Sierra,2013,65,2010
414,HEV,GMC,Sierra,2014,6,2010
415,HEV,GMC,Sierra,2015,1,2010
416,HEV,GMC,Sierra,2016,0,2010
417,HEV,GMC,Sierra,2017,6680,2010
418,HEV,GMC,Yukon Hybrid,1999,0,2008
419,HEV,GMC,Yukon Hybrid,2000,0,2008
420,HEV,GMC,Yukon Hybrid,2001,0,2008
421,HEV,GMC,Yukon Hybrid,2002,0,2008
422,HEV,GMC,Yukon Hybrid,2003,0,2008
423,HEV,GMC,Yukon Hybrid,2004,0,2008
424,HEV,GMC,Yukon Hybrid,2005,0,2008
425,HEV,GMC,Yukon Hybrid,2006,0,2008
426,HEV,GMC,Yukon Hybrid,2007,0,2008
427,HEV,GMC,Yukon Hybrid,2008,1610,2008
428,HEV,GMC,Yukon Hybrid,2009,1933,2008
429,HEV,GMC,Yukon Hybrid,2010,1221,2008
430,HEV,GMC,Yukon Hybrid,2011,598,2008
431,HEV,GMC,Yukon Hybrid,2012,560,2008
432,HEV,GMC,Yukon Hybrid,2013,288,2008
433,HEV,GMC,Yukon Hybrid,2014,31,2008
434,HEV,GMC,Yukon Hybrid,2015,10,2008
435,HEV,GMC,Yukon Hybrid,2016,0,2008
436,HEV,GMC,Yukon Hybrid,2017,0,2008
437,HEV,Honda,Accord,1999,0,2004
438,HEV,Honda,Accord,2000,0,2004
439,HEV,Honda,Accord,2001,0,2004
440,HEV,Honda,Accord,2002,0,2004
441,HEV,Honda,Accord,2003,0,2004
442,HEV,Honda,Accord,2004,1061,2004
443,HEV,Honda,Accord,2005,16826,2004
444,HEV,Honda,Accord,2006,5598,2004
445,HEV,Honda,Accord,2007,3405,2004
446,HEV,Honda,Accord,2008,196,2004
447,HEV,Honda,Accord,2009,0,2004
448,HEV,Honda,Accord,2010,0,2004
449,HEV,Honda,Accord,2011,0,2004
450,HEV,Honda,Accord,2012,0,2004
451,HEV,Honda,Accord,2013,996,2004
452,HEV,Honda,Accord,2014,13977,2004
453,HEV,Honda,Accord,2015,11065,2004
454,HEV,Honda,Accord,2016,9179,2004
455,HEV,Honda,Accord,2017,22008,2004
456,HEV,Honda,CR-Z,1999,0,2010
457,HEV,Honda,CR-Z,2000,0,2010
458,HEV,Honda,CR-Z,2001,0,2010
459,HEV,Honda,CR-Z,2002,0,2010
460,HEV,Honda,CR-Z,2003,0,2010
461,HEV,Honda,CR-Z,2004,0,2010
462,HEV,Honda,CR-Z,2005,0,2010
463,HEV,Honda,CR-Z,2006,0,2010
464,HEV,Honda,CR-Z,2007,0,2010
465,HEV,Honda,CR-Z,2008,0,2010
466,HEV,Honda,CR-Z,2009,0,2010
467,HEV,Honda,CR-Z,2010,5249,2010
468,HEV,Honda,CR-Z,2011,11330,2010
469,HEV,Honda,CR-Z,2012,4192,2010
470,HEV,Honda,CR-Z,2013,4550,2010
471,HEV,Honda,CR-Z,2014,3562,2010
472,HEV,Honda,CR-Z,2015,3073,2010
473,HEV,Honda,CR-Z,2016,2338,2010
474,HEV,Honda,CR-Z,2017,705,2010
475,HEV,Honda,Civic,1999,0,2002
476,HEV,Honda,Civic,2000,0,2002
477,HEV,Honda,Civic,2001,0,2002
478,HEV,Honda,Civic,2002,13700,2002
479,HEV,Honda,Civic,2003,21800,2002
480,HEV,Honda,Civic,2004,25571,2002
481,HEV,Honda,Civic,2005,25864,2002
482,HEV,Honda,Civic,2006,31251,2002
483,HEV,Honda,Civic,2007,32575,2002
484,HEV,Honda,Civic,2008,31297,2002
485,HEV,Honda,Civic,2009,15119,2002
486,HEV,Honda,Civic,2010,7336,2002
487,HEV,Honda,Civic,2011,4703,2002
488,HEV,Honda,Civic,2012,7156,2002
489,HEV,Honda,Civic,2013,7719,2002
490,HEV,Honda,Civic,2014,5070,2002
491,HEV,Honda,Civic,2015,4887,2002
492,HEV,Honda,Civic,2016,896,2002
493,HEV,Honda,Civic,2017,65,2002
494,HEV,Honda,Insight,1999,17,1999
495,HEV,Honda,Insight,2000,3788,1999
496,HEV,Honda,Insight,2001,4726,1999
497,HEV,Honda,Insight,2002,2216,1999
498,HEV,Honda,Insight,2003,1200,1999
499,HEV,Honda,Insight,2004,583,1999
500,HEV,Honda,Insight,2005,666,1999
501,HEV,Honda,Insight,2006,722,1999
502,HEV,Honda,Insight,2007,0,1999
503,HEV,Honda,Insight,2008,0,1999
504,HEV,Honda,Insight,2009,20572,1999
505,HEV,Honda,Insight,2010,20962,1999
506,HEV,Honda,Insight,2011,15549,1999
507,HEV,Honda,Insight,2012,5846,1999
508,HEV,Honda,Insight,2013,4802,1999
509,HEV,Honda,Insight,2014,3965,1999
510,HEV,Honda,Insight,2015,1458,1999
511,HEV,Honda,Insight,2016,75,1999
512,HEV,Honda,Insight,2017,3,1999
513,HEV,Hyundai,Ioniq Hybrid,1999,0,2017
514,HEV,Hyundai,Ioniq Hybrid,2000,0,2017
515,HEV,Hyundai,Ioniq Hybrid,2001,0,2017
516,HEV,Hyundai,Ioniq Hybrid,2002,0,2017
517,HEV,Hyundai,Ioniq Hybrid,2003,0,2017
518,HEV,Hyundai,Ioniq Hybrid,2004,0,2017
519,HEV,Hyundai,Ioniq Hybrid,2005,0,2017
520,HEV,Hyundai,Ioniq Hybrid,2006,0,2017
521,HEV,Hyundai,Ioniq Hybrid,2007,0,2017
522,HEV,Hyundai,Ioniq Hybrid,2008,0,2017
523,HEV,Hyundai,Ioniq Hybrid,2009,0,2017
524,HEV,Hyundai,Ioniq Hybrid,2010,0,2017
525,HEV,Hyundai,Ioniq Hybrid,2011,0,2017
526,HEV,Hyundai,Ioniq Hybrid,2012,0,2017
527,HEV,Hyundai,Ioniq Hybrid,2013,0,2017
528,HEV,Hyundai,Ioniq Hybrid,2014,0,2017
529,HEV,Hyundai,Ioniq Hybrid,2015,0,2017
530,HEV,Hyundai,Ioniq Hybrid,2016,0,2017
531,HEV,Hyundai,Ioniq Hybrid,2017,10766,2017
532,HEV,Hyundai,Sonata,1999,0,2011
533,HEV,Hyundai,Sonata,2000,0,2011
534,HEV,Hyundai,Sonata,2001,0,2011
535,HEV,Hyundai,Sonata,2002,0,2011
536,HEV,Hyundai,Sonata,2003,0,2011
537,HEV,Hyundai,Sonata,2004,0,2011
538,HEV,Hyundai,Sonata,2005,0,2011
539,HEV,Hyundai,Sonata,2006,0,2011
540,HEV,Hyundai,Sonata,2007,0,2011
541,HEV,Hyundai,Sonata,2008,0,2011
542,HEV,Hyundai,Sonata,2009,0,2011
543,HEV,Hyundai,Sonata,2010,0,2011
544,HEV,Hyundai,Sonata,2011,17366,2011
545,HEV,Hyundai,Sonata,2012,20754,2011
546,HEV,Hyundai,Sonata,2013,21559,2011
547,HEV,Hyundai,Sonata,2014,21052,2011
548,HEV,Hyundai,Sonata,2015,19908,2011
549,HEV,Hyundai,Sonata,2016,18961,2011
550,HEV,Hyundai,Sonata,2017,10338,2011
551,HEV,Infiniti,M35h/Q70,1999,0,2011
552,HEV,Infiniti,M35h/Q70,2000,0,2011
553,HEV,Infiniti,M35h/Q70,2001,0,2011
554,HEV,Infiniti,M35h/Q70,2002,0,2011
555,HEV,Infiniti,M35h/Q70,2003,0,2011
556,HEV,Infiniti,M35h/Q70,2004,0,2011
557,HEV,Infiniti,M35h/Q70,2005,0,2011
558,HEV,Infiniti,M35h/Q70,2006,0,2011
559,HEV,Infiniti,M35h/Q70,2007,0,2011
560,HEV,Infiniti,M35h/Q70,2008,0,2011
561,HEV,Infiniti,M35h/Q70,2009,0,2011
562,HEV,Infiniti,M35h/Q70,2010,0,2011
563,HEV,Infiniti,M35h/Q70,2011,378,2011
564,HEV,Infiniti,M35h/Q70,2012,691,2011
565,HEV,Infiniti,M35h/Q70,2013,475,2011
566,HEV,Infiniti,M35h/Q70,2014,180,2011
567,HEV,Infiniti,M35h/Q70,2015,176,2011
568,HEV,Infiniti,M35h/Q70,2016,118,2011
569,HEV,Infiniti,M35h/Q70,2017,58,2011
570,HEV,Infiniti,Q50,1999,0,2013
571,HEV,Infiniti,Q50,2000,0,2013
572,HEV,Infiniti,Q50,2001,0,2013
573,HEV,Infiniti,Q50,2002,0,2013
574,HEV,Infiniti,Q50,2003,0,2013
575,HEV,Infiniti,Q50,2004,0,2013
576,HEV,Infiniti,Q50,2005,0,2013
577,HEV,Infiniti,Q50,2006,0,2013
578,HEV,Infiniti,Q50,2007,0,2013
579,HEV,Infiniti,Q50,2008,0,2013
580,HEV,Infiniti,Q50,2009,0,2013
581,HEV,Infiniti,Q50,2010,0,2013
582,HEV,Infiniti,Q50,2011,0,2013
583,HEV,Infiniti,Q50,2012,0,2013
584,HEV,Infiniti,Q50,2013,307,2013
585,HEV,Infiniti,Q50,2014,3456,2013
586,HEV,Infiniti,Q50,2015,4012,2013
587,HEV,Infiniti,Q50,2016,1998,2013
588,HEV,Infiniti,Q50,2017,870,2013
589,HEV,Infiniti,QX60,1999,0,2013
590,HEV,Infiniti,QX60,2000,0,2013
591,HEV,Infiniti,QX60,2001,0,2013
592,HEV,Infiniti,QX60,2002,0,2013
593,HEV,Infiniti,QX60,2003,0,2013
594,HEV,Infiniti,QX60,2004,0,2013
595,HEV,Infiniti,QX60,2005,0,2013
596,HEV,Infiniti,QX60,2006,0,2013
597,HEV,Infiniti,QX60,2007,0,2013
598,HEV,Infiniti,QX60,2008,0,2013
599,HEV,Infiniti,QX60,2009,0,2013
600,HEV,Infiniti,QX60,2010,0,2013
601,HEV,Infiniti,QX60,2011,0,2013
602,HEV,Infiniti,QX60,2012,0,2013
603,HEV,Infiniti,QX60,2013,676,2013
604,HEV,Infiniti,QX60,2014,1678,2013
605,HEV,Infiniti,QX60,2015,2356,2013
606,HEV,Infiniti,QX60,2016,1114,2013
607,HEV,Infiniti,QX60,2017,298,2013
608,HEV,Kia,Niro Hybrid,1999,0,2017
609,HEV,Kia,Niro Hybrid,2000,0,2017
610,HEV,Kia,Niro Hybrid,2001,0,2017
611,HEV,Kia,Niro Hybrid,2002,0,2017
612,HEV,Kia,Niro Hybrid,2003,0,2017
613,HEV,Kia,Niro Hybrid,2004,0,2017
614,HEV,Kia,Niro Hybrid,2005,0,2017
615,HEV,Kia,Niro Hybrid,2006,0,2017
616,HEV,Kia,Niro Hybrid,2007,0,2017
617,HEV,Kia,Niro Hybrid,2008,0,2017
618,HEV,Kia,Niro Hybrid,2009,0,2017
619,HEV,Kia,Niro Hybrid,2010,0,2017
620,HEV,Kia,Niro Hybrid,2011,0,2017
621,HEV,Kia,Niro Hybrid,2012,0,2017
622,HEV,Kia,Niro Hybrid,2013,0,2017
623,HEV,Kia,Niro Hybrid,2014,0,2017
624,HEV,Kia,Niro Hybrid,2015,0,2017
625,HEV,Kia,Niro Hybrid,2016,0,2017
626,HEV,Kia,Niro Hybrid,2017,27195,2017
627,HEV,Kia,Optima,1999,0,2012
628,HEV,Kia,Optima,2000,0,2012
629,HEV,Kia,Optima,2001,0,2012
630,HEV,Kia,Optima,2002,0,2012
631,HEV,Kia,Optima,2003,0,2012
632,HEV,Kia,Optima,2004,0,2012
633,HEV,Kia,Optima,2005,0,2012
634,HEV,Kia,Optima,2006,0,2012
635,HEV,Kia,Optima,2007,0,2012
636,HEV,Kia,Optima,2008,0,2012
637,HEV,Kia,Optima,2009,0,2012
638,HEV,Kia,Optima,2010,0,2012
639,HEV,Kia,Optima,2011,0,2012
640,HEV,Kia,Optima,2012,10245,2012
641,HEV,Kia,Optima,2013,13919,2012
642,HEV,Kia,Optima,2014,13776,2012
643,HEV,Kia,Optima,2015,11492,2012
644,HEV,Kia,Optima,2016,6142,2012
645,HEV,Kia,Optima,2017,5589,2012
646,HEV,Lexus,CT 200h,1999,0,2011
647,HEV,Lexus,CT 200h,2000,0,2011
648,HEV,Lexus,CT 200h,2001,0,2011
649,HEV,Lexus,CT 200h,2002,0,2011
650,HEV,Lexus,CT 200h,2003,0,2011
651,HEV,Lexus,CT 200h,2004,0,2011
652,HEV,Lexus,CT 200h,2005,0,2011
653,HEV,Lexus,CT 200h,2006,0,2011
654,HEV,Lexus,CT 200h,2007,0,2011
655,HEV,Lexus,CT 200h,2008,0,2011
656,HEV,Lexus,CT 200h,2009,0,2011
657,HEV,Lexus,CT 200h,2010,0,2011
658,HEV,Lexus,CT 200h,2011,14381,2011
659,HEV,Lexus,CT 200h,2012,17831,2011
660,HEV,Lexus,CT 200h,2013,15071,2011
661,HEV,Lexus,CT 200h,2014,17673,2011
662,HEV,Lexus,CT 200h,2015,14657,2011
663,HEV,Lexus,CT 200h,2016,8903,2011
664,HEV,Lexus,CT 200h,2017,4682,2011
665,HEV,Lexus,ES Hybrid,1999,0,2012
666,HEV,Lexus,ES Hybrid,2000,0,2012
667,HEV,Lexus,ES Hybrid,2001,0,2012
668,HEV,Lexus,ES Hybrid,2002,0,2012
669,HEV,Lexus,ES Hybrid,2003,0,2012
670,HEV,Lexus,ES Hybrid,2004,0,2012
671,HEV,Lexus,ES Hybrid,2005,0,2012
672,HEV,Lexus,ES Hybrid,2006,0,2012
673,HEV,Lexus,ES Hybrid,2007,0,2012
674,HEV,Lexus,ES Hybrid,2008,0,2012
675,HEV,Lexus,ES Hybrid,2009,0,2012
676,HEV,Lexus,ES Hybrid,2010,0,2012
677,HEV,Lexus,ES Hybrid,2011,0,2012
678,HEV,Lexus,ES Hybrid,2012,7027,2012
679,HEV,Lexus,ES Hybrid,2013,16562,2012
680,HEV,Lexus,ES Hybrid,2014,14837,2012
681,HEV,Lexus,ES Hybrid,2015,11241,2012
682,HEV,Lexus,ES Hybrid,2016,7645,2012
683,HEV,Lexus,ES Hybrid,2017,5394,2012
684,HEV,Lexus,GS 450h,1999,0,2006
685,HEV,Lexus,GS 450h,2000,0,2006
686,HEV,Lexus,GS 450h,2001,0,2006
687,HEV,Lexus,GS 450h,2002,0,2006
688,HEV,Lexus,GS 450h,2003,0,2006
689,HEV,Lexus,GS 450h,2004,0,2006
690,HEV,Lexus,GS 450h,2005,0,2006
691,HEV,Lexus,GS 450h,2006,1784,2006
692,HEV,Lexus,GS 450h,2007,1645,2006
693,HEV,Lexus,GS 450h,2008,678,2006
694,HEV,Lexus,GS 450h,2009,469,2006
695,HEV,Lexus,GS 450h,2010,305,2006
696,HEV,Lexus,GS 450h,2011,282,2006
697,HEV,Lexus,GS 450h,2012,615,2006
698,HEV,Lexus,GS 450h,2013,522,2006
699,HEV,Lexus,GS 450h,2014,183,2006
700,HEV,Lexus,GS 450h,2015,91,2006
701,HEV,Lexus,GS 450h,2016,70,2006
702,HEV,Lexus,GS 450h,2017,50,2006
703,HEV,Lexus,HS 250h,1999,0,2009
704,HEV,Lexus,HS 250h,2000,0,2009
705,HEV,Lexus,HS 250h,2001,0,2009
706,HEV,Lexus,HS 250h,2002,0,2009
707,HEV,Lexus,HS 250h,2003,0,2009
708,HEV,Lexus,HS 250h,2004,0,2009
709,HEV,Lexus,HS 250h,2005,0,2009
710,HEV,Lexus,HS 250h,2006,0,2009
711,HEV,Lexus,HS 250h,2007,0,2009
712,HEV,Lexus,HS 250h,2008,0,2009
713,HEV,Lexus,HS 250h,2009,6699,2009
714,HEV,Lexus,HS 250h,2010,10663,2009
715,HEV,Lexus,HS 250h,2011,2864,2009
716,HEV,Lexus,HS 250h,2012,650,2009
717,HEV,Lexus,HS 250h,2013,4,2009
718,HEV,Lexus,HS 250h,2014,0,2009
719,HEV,Lexus,HS 250h,2015,0,2009
720,HEV,Lexus,HS 250h,2016,0,2009
721,HEV,Lexus,HS 250h,2017,8,2009
722,HEV,Lexus,LC 500h,1999,0,2017
723,HEV,Lexus,LC 500h,2000,0,2017
724,HEV,Lexus,LC 500h,2001,0,2017
725,HEV,Lexus,LC 500h,2002,0,2017
726,HEV,Lexus,LC 500h,2003,0,2017
727,HEV,Lexus,LC 500h,2004,0,2017
728,HEV,Lexus,LC 500h,2005,0,2017
729,HEV,Lexus,LC 500h,2006,0,2017
730,HEV,Lexus,LC 500h,2007,0,2017
731,HEV,Lexus,LC 500h,2008,0,2017
732,HEV,Lexus,LC 500h,2009,0,2017
733,HEV,Lexus,LC 500h,2010,0,2017
734,HEV,Lexus,LC 500h,2011,0,2017
735,HEV,Lexus,LC 500h,2012,0,2017
736,HEV,Lexus,LC 500h,2013,0,2017
737,HEV,Lexus,LC 500h,2014,0,2017
738,HEV,Lexus,LC 500h,2015,0,2017
739,HEV,Lexus,LC 500h,2016,0,2017
740,HEV,Lexus,LC 500h,2017,118,2017
741,HEV,Lexus,LS600h / LS500h,1999,0,2007
742,HEV,Lexus,LS600h / LS500h,2000,0,2007
743,HEV,Lexus,LS600h / LS500h,2001,0,2007
744,HEV,Lexus,LS600h / LS500h,2002,0,2007
745,HEV,Lexus,LS600h / LS500h,2003,0,2007
746,HEV,Lexus,LS600h / LS500h,2004,0,2007
747,HEV,Lexus,LS600h / LS500h,2005,0,2007
748,HEV,Lexus,LS600h / LS500h,2006,0,2007
749,HEV,Lexus,LS600h / LS500h,2007,937,2007
750,HEV,Lexus,LS600h / LS500h,2008,907,2007
751,HEV,Lexus,LS600h / LS500h,2009,258,2007
752,HEV,Lexus,LS600h / LS500h,2010,129,2007
753,HEV,Lexus,LS600h / LS500h,2011,85,2007
754,HEV,Lexus,LS600h / LS500h,2012,54,2007
755,HEV,Lexus,LS600h / LS500h,2013,115,2007
756,HEV,Lexus,LS600h / LS500h,2014,65,2007
757,HEV,Lexus,LS600h / LS500h,2015,47,2007
758,HEV,Lexus,LS600h / LS500h,2016,40,2007
759,HEV,Lexus,LS600h / LS500h,2017,0,2007
760,HEV,Lexus,NX Hybrid,1999,0,2014
761,HEV,Lexus,NX Hybrid,2000,0,2014
762,HEV,Lexus,NX Hybrid,2001,0,2014
763,HEV,Lexus,NX Hybrid,2002,0,2014
764,HEV,Lexus,NX Hybrid,2003,0,2014
765,HEV,Lexus,NX Hybrid,2004,0,2014
766,HEV,Lexus,NX Hybrid,2005,0,2014
767,HEV,Lexus,NX Hybrid,2006,0,2014
768,HEV,Lexus,NX Hybrid,2007,0,2014
769,HEV,Lexus,NX Hybrid,2008,0,2014
770,HEV,Lexus,NX Hybrid,2009,0,2014
771,HEV,Lexus,NX Hybrid,2010,0,2014
772,HEV,Lexus,NX Hybrid,2011,0,2014
773,HEV,Lexus,NX Hybrid,2012,0,2014
774,HEV,Lexus,NX Hybrid,2013,0,2014
775,HEV,Lexus,NX Hybrid,2014,354,2014
776,HEV,Lexus,NX Hybrid,2015,2573,2014
777,HEV,Lexus,NX Hybrid,2016,2842,2014
778,HEV,Lexus,NX Hybrid,2017,3323,2014
779,HEV,Lexus,RX400h (RX450h),1999,0,2005
780,HEV,Lexus,RX400h (RX450h),2000,0,2005
781,HEV,Lexus,RX400h (RX450h),2001,0,2005
782,HEV,Lexus,RX400h (RX450h),2002,0,2005
783,HEV,Lexus,RX400h (RX450h),2003,0,2005
784,HEV,Lexus,RX400h (RX450h),2004,0,2005
785,HEV,Lexus,RX400h (RX450h),2005,20674,2005
786,HEV,Lexus,RX400h (RX450h),2006,20161,2005
787,HEV,Lexus,RX400h (RX450h),2007,17291,2005
788,HEV,Lexus,RX400h (RX450h),2008,15200,2005
789,HEV,Lexus,RX400h (RX450h),2009,14464,2005
790,HEV,Lexus,RX400h (RX450h),2010,15119,2005
791,HEV,Lexus,RX400h (RX450h),2011,10723,2005
792,HEV,Lexus,RX400h (RX450h),2012,12223,2005
793,HEV,Lexus,RX400h (RX450h),2013,11307,2005
794,HEV,Lexus,RX400h (RX450h),2014,9351,2005
795,HEV,Lexus,RX400h (RX450h),2015,7722,2005
796,HEV,Lexus,RX400h (RX450h),2016,8561,2005
797,HEV,Lexus,RX400h (RX450h),2017,8568,2005
798,HEV,Lincoln,MKZ Hybrid,1999,0,2010
799,HEV,Lincoln,MKZ Hybrid,2000,0,2010
800,HEV,Lincoln,MKZ Hybrid,2001,0,2010
801,HEV,Lincoln,MKZ Hybrid,2002,0,2010
802,HEV,Lincoln,MKZ Hybrid,2003,0,2010
803,HEV,Lincoln,MKZ Hybrid,2004,0,2010
804,HEV,Lincoln,MKZ Hybrid,2005,0,2010
805,HEV,Lincoln,MKZ Hybrid,2006,0,2010
806,HEV,Lincoln,MKZ Hybrid,2007,0,2010
807,HEV,Lincoln,MKZ Hybrid,2008,0,2010
808,HEV,Lincoln,MKZ Hybrid,2009,0,2010
809,HEV,Lincoln,MKZ Hybrid,2010,1192,2010
810,HEV,Lincoln,MKZ Hybrid,2011,5739,2010
811,HEV,Lincoln,MKZ Hybrid,2012,6067,2010
812,HEV,Lincoln,MKZ Hybrid,2013,7469,2010
813,HEV,Lincoln,MKZ Hybrid,2014,10033,2010
814,HEV,Lincoln,MKZ Hybrid,2015,8403,2010
815,HEV,Lincoln,MKZ Hybrid,2016,7219,2010
816,HEV,Lincoln,MKZ Hybrid,2017,5931,2010
817,HEV,Mazda,Tribute,1999,0,2010
818,HEV,Mazda,Tribute,2000,0,2010
819,HEV,Mazda,Tribute,2001,0,2010
820,HEV,Mazda,Tribute,2002,0,2010
821,HEV,Mazda,Tribute,2003,0,2010
822,HEV,Mazda,Tribute,2004,0,2010
823,HEV,Mazda,Tribute,2005,0,2010
824,HEV,Mazda,Tribute,2006,0,2010
825,HEV,Mazda,Tribute,2007,0,2010
826,HEV,Mazda,Tribute,2008,0,2010
827,HEV,Mazda,Tribute,2009,0,2010
828,HEV,Mazda,Tribute,2010,570,2010
829,HEV,Mazda,Tribute,2011,484,2010
830,HEV,Mazda,Tribute,2012,90,2010
831,HEV,Mazda,Tribute,2013,0,2010
832,HEV,Mazda,Tribute,2014,0,2010
833,HEV,Mazda,Tribute,2015,0,2010
834,HEV,Mazda,Tribute,2016,0,2010
835,HEV,Mazda,Tribute,2017,0,2010
836,HEV,Mercedes,E400H,1999,0,2013
837,HEV,Mercedes,E400H,2000,0,2013
838,HEV,Mercedes,E400H,2001,0,2013
839,HEV,Mercedes,E400H,2002,0,2013
840,HEV,Mercedes,E400H,2003,0,2013
841,HEV,Mercedes,E400H,2004,0,2013
842,HEV,Mercedes,E400H,2005,0,2013
843,HEV,Mercedes,E400H,2006,0,2013
844,HEV,Mercedes,E400H,2007,0,2013
845,HEV,Mercedes,E400H,2008,0,2013
846,HEV,Mercedes,E400H,2009,0,2013
847,HEV,Mercedes,E400H,2010,0,2013
848,HEV,Mercedes,E400H,2011,0,2013
849,HEV,Mercedes,E400H,2012,0,2013
850,HEV,Mercedes,E400H,2013,282,2013
851,HEV,Mercedes,E400H,2014,158,2013
852,HEV,Mercedes,E400H,2015,53,2013
853,HEV,Mercedes,E400H,2016,14,2013
854,HEV,Mercedes,E400H,2017,2,2013
855,HEV,Mercedes,ML450h,1999,0,2010
856,HEV,Mercedes,ML450h,2000,0,2010
857,HEV,Mercedes,ML450h,2001,0,2010
858,HEV,Mercedes,ML450h,2002,0,2010
859,HEV,Mercedes,ML450h,2003,0,2010
860,HEV,Mercedes,ML450h,2004,0,2010
861,HEV,Mercedes,ML450h,2005,0,2010
862,HEV,Mercedes,ML450h,2006,0,2010
863,HEV,Mercedes,ML450h,2007,0,2010
864,HEV,Mercedes,ML450h,2008,0,2010
865,HEV,Mercedes,ML450h,2009,0,2010
866,HEV,Mercedes,ML450h,2010,627,2010
867,HEV,Mercedes,ML450h,2011,1,2010
868,HEV,Mercedes,ML450h,2012,22,2010
869,HEV,Mercedes,ML450h,2013,11,2010
870,HEV,Mercedes,ML450h,2014,20,2010
871,HEV,Mercedes,ML450h,2015,10,2010
872,HEV,Mercedes,ML450h,2016,1,2010
873,HEV,Mercedes,ML450h,2017,0,2010
874,HEV,Mercedes,S400HV,1999,0,2010
875,HEV,Mercedes,S400HV,2000,0,2010
876,HEV,Mercedes,S400HV,2001,0,2010
877,HEV,Mercedes,S400HV,2002,0,2010
878,HEV,Mercedes,S400HV,2003,0,2010
879,HEV,Mercedes,S400HV,2004,0,2010
880,HEV,Mercedes,S400HV,2005,0,2010
881,HEV,Mercedes,S400HV,2006,0,2010
882,HEV,Mercedes,S400HV,2007,0,2010
883,HEV,Mercedes,S400HV,2008,0,2010
884,HEV,Mercedes,S400HV,2009,0,2010
885,HEV,Mercedes,S400HV,2010,801,2010
886,HEV,Mercedes,S400HV,2011,309,2010
887,HEV,Mercedes,S400HV,2012,121,2010
888,HEV,Mercedes,S400HV,2013,64,2010
889,HEV,Mercedes,S400HV,2014,10,2010
890,HEV,Mercedes,S400HV,2015,1,2010
891,HEV,Mercedes,S400HV,2016,0,2010
892,HEV,Mercedes,S400HV,2017,1,2010
893,HEV,Mercury,Mariner,1999,0,2005
894,HEV,Mercury,Mariner,2000,0,2005
895,HEV,Mercury,Mariner,2001,0,2005
896,HEV,Mercury,Mariner,2002,0,2005
897,HEV,Mercury,Mariner,2003,0,2005
898,HEV,Mercury,Mariner,2004,0,2005
899,HEV,Mercury,Mariner,2005,998,2005
900,HEV,Mercury,Mariner,2006,3174,2005
901,HEV,Mercury,Mariner,2007,3722,2005
902,HEV,Mercury,Mariner,2008,2329,2005
903,HEV,Mercury,Mariner,2009,1693,2005
904,HEV,Mercury,Mariner,2010,890,2005
905,HEV,Mercury,Mariner,2011,0,2005
906,HEV,Mercury,Mariner,2012,0,2005
907,HEV,Mercury,Mariner,2013,0,2005
908,HEV,Mercury,Mariner,2014,0,2005
909,HEV,Mercury,Mariner,2015,0,2005
910,HEV,Mercury,Mariner,2016,0,2005
911,HEV,Mercury,Mariner,2017,0,2005
912,HEV,Mercury,Milan,1999,0,2009
913,HEV,Mercury,Milan,2000,0,2009
914,HEV,Mercury,Milan,2001,0,2009
915,HEV,Mercury,Milan,2002,0,2009
916,HEV,Mercury,Milan,2003,0,2009
917,HEV,Mercury,Milan,2004,0,2009
918,HEV,Mercury,Milan,2005,0,2009
919,HEV,Mercury,Milan,2006,0,2009
920,HEV,Mercury,Milan,2007,0,2009
921,HEV,Mercury,Milan,2008,0,2009
922,HEV,Mercury,Milan,2009,1468,2009
923,HEV,Mercury,Milan,2010,1416,2009
924,HEV,Mercury,Milan,2011,0,2009
925,HEV,Mercury,Milan,2012,0,2009
926,HEV,Mercury,Milan,2013,0,2009
927,HEV,Mercury,Milan,2014,0,2009
928,HEV,Mercury,Milan,2015,0,2009
929,HEV,Mercury,Milan,2016,0,2009
930,HEV,Mercury,Milan,2017,0,2009
931,HEV,Nissan,Altima,1999,0,2007
932,HEV,Nissan,Altima,2000,0,2007
933,HEV,Nissan,Altima,2001,0,2007
934,HEV,Nissan,Altima,2002,0,2007
935,HEV,Nissan,Altima,2003,0,2007
936,HEV,Nissan,Altima,2004,0,2007
937,HEV,Nissan,Altima,2005,0,2007
938,HEV,Nissan,Altima,2006,0,2007
939,HEV,Nissan,Altima,2007,8388,2007
940,HEV,Nissan,Altima,2008,8819,2007
941,HEV,Nissan,Altima,2009,9357,2007
942,HEV,Nissan,Altima,2010,6710,2007
943,HEV,Nissan,Altima,2011,3236,2007
944,HEV,Nissan,Altima,2012,103,2007
945,HEV,Nissan,Altima,2013,0,2007
946,HEV,Nissan,Altima,2014,0,2007
947,HEV,Nissan,Altima,2015,0,2007
948,HEV,Nissan,Altima,2016,0,2007
949,HEV,Nissan,Altima,2017,0,2007
950,HEV,Nissan,Pathfinder Hybrid,1999,0,2013
951,HEV,Nissan,Pathfinder Hybrid,2000,0,2013
952,HEV,Nissan,Pathfinder Hybrid,2001,0,2013
953,HEV,Nissan,Pathfinder Hybrid,2002,0,2013
954,HEV,Nissan,Pathfinder Hybrid,2003,0,2013
955,HEV,Nissan,Pathfinder Hybrid,2004,0,2013
956,HEV,Nissan,Pathfinder Hybrid,2005,0,2013
957,HEV,Nissan,Pathfinder Hybrid,2006,0,2013
958,HEV,Nissan,Pathfinder Hybrid,2007,0,2013
959,HEV,Nissan,Pathfinder Hybrid,2008,0,2013
960,HEV,Nissan,Pathfinder Hybrid,2009,0,2013
961,HEV,Nissan,Pathfinder Hybrid,2010,0,2013
962,HEV,Nissan,Pathfinder Hybrid,2011,0,2013
963,HEV,Nissan,Pathfinder Hybrid,2012,0,2013
964,HEV,Nissan,Pathfinder Hybrid,2013,334,2013
965,HEV,Nissan,Pathfinder Hybrid,2014,2480,2013
966,HEV,Nissan,Pathfinder Hybrid,2015,2245,2013
967,HEV,Nissan,Pathfinder Hybrid,2016,816,2013
968,HEV,Nissan,Pathfinder Hybrid,2017,389,2013
969,HEV,Nissan,Rogue,1999,0,2017
970,HEV,Nissan,Rogue,2000,0,2017
971,HEV,Nissan,Rogue,2001,0,2017
972,HEV,Nissan,Rogue,2002,0,2017
973,HEV,Nissan,Rogue,2003,0,2017
974,HEV,Nissan,Rogue,2004,0,2017
975,HEV,Nissan,Rogue,2005,0,2017
976,HEV,Nissan,Rogue,2006,0,2017
977,HEV,Nissan,Rogue,2007,0,2017
978,HEV,Nissan,Rogue,2008,0,2017
979,HEV,Nissan,Rogue,2009,0,2017
980,HEV,Nissan,Rogue,2010,0,2017
981,HEV,Nissan,Rogue,2011,0,2017
982,HEV,Nissan,Rogue,2012,0,2017
983,HEV,Nissan,Rogue,2013,0,2017
984,HEV,Nissan,Rogue,2014,0,2017
985,HEV,Nissan,Rogue,2015,0,2017
986,HEV,Nissan,Rogue,2016,0,2017
987,HEV,Nissan,Rogue,2017,1066,2017
988,HEV,Porsche,Cayenne,1999,0,2010
989,HEV,Porsche,Cayenne,2000,0,2010
990,HEV,Porsche,Cayenne,2001,0,2010
991,HEV,Porsche,Cayenne,2002,0,2010
992,HEV,Porsche,Cayenne,2003,0,2010
993,HEV,Porsche,Cayenne,2004,0,2010
994,HEV,Porsche,Cayenne,2005,0,2010
995,HEV,Porsche,Cayenne,2006,0,2010
996,HEV,Porsche,Cayenne,2007,0,2010
997,HEV,Porsche,Cayenne,2008,0,2010
998,HEV,Porsche,Cayenne,2009,0,2010
999,HEV,Porsche,Cayenne,2010,206,2010
1000,HEV,Porsche,Cayenne,2011,1571,2010
1001,HEV,Porsche,Cayenne,2012,1180,2010
1002,HEV,Porsche,Cayenne,2013,615,2010
1003,HEV,Porsche,Cayenne,2014,650,2010
1004,HEV,Porsche,Cayenne,2015,0,2010
1005,HEV,Porsche,Cayenne,2016,0,2010
1006,HEV,Porsche,Cayenne,2017,0,2010
1007,HEV,Porsche,Panamera S,1999,0,2011
1008,HEV,Porsche,Panamera S,2000,0,2011
1009,HEV,Porsche,Panamera S,2001,0,2011
1010,HEV,Porsche,Panamera S,2002,0,2011
1011,HEV,Porsche,Panamera S,2003,0,2011
1012,HEV,Porsche,Panamera S,2004,0,2011
1013,HEV,Porsche,Panamera S,2005,0,2011
1014,HEV,Porsche,Panamera S,2006,0,2011
1015,HEV,Porsche,Panamera S,2007,0,2011
1016,HEV,Porsche,Panamera S,2008,0,2011
1017,HEV,Porsche,Panamera S,2009,0,2011
1018,HEV,Porsche,Panamera S,2010,0,2011
1019,HEV,Porsche,Panamera S,2011,52,2011
1020,HEV,Porsche,Panamera S,2012,570,2011
1021,HEV,Porsche,Panamera S,2013,113,2011
1022,HEV,Porsche,Panamera S,2014,0,2011
1023,HEV,Porsche,Panamera S,2015,0,2011
1024,HEV,Porsche,Panamera S,2016,0,2011
1025,HEV,Porsche,Panamera S,2017,0,2011
1026,HEV,Saturn,Aura,1999,0,2007
1027,HEV,Saturn,Aura,2000,0,2007
1028,HEV,Saturn,Aura,2001,0,2007
1029,HEV,Saturn,Aura,2002,0,2007
1030,HEV,Saturn,Aura,2003,0,2007
1031,HEV,Saturn,Aura,2004,0,2007
1032,HEV,Saturn,Aura,2005,0,2007
1033,HEV,Saturn,Aura,2006,0,2007
1034,HEV,Saturn,Aura,2007,772,2007
1035,HEV,Saturn,Aura,2008,285,2007
1036,HEV,Saturn,Aura,2009,527,2007
1037,HEV,Saturn,Aura,2010,54,2007
1038,HEV,Saturn,Aura,2011,0,2007
1039,HEV,Saturn,Aura,2012,0,2007
1040,HEV,Saturn,Aura,2013,0,2007
1041,HEV,Saturn,Aura,2014,0,2007
1042,HEV,Saturn,Aura,2015,0,2007
1043,HEV,Saturn,Aura,2016,0,2007
1044,HEV,Saturn,Aura,2017,0,2007
1045,HEV,Saturn,Vue,1999,0,2007
1046,HEV,Saturn,Vue,2000,0,2007
1047,HEV,Saturn,Vue,2001,0,2007
1048,HEV,Saturn,Vue,2002,0,2007
1049,HEV,Saturn,Vue,2003,0,2007
1050,HEV,Saturn,Vue,2004,0,2007
1051,HEV,Saturn,Vue,2005,0,2007
1052,HEV,Saturn,Vue,2006,0,2007
1053,HEV,Saturn,Vue,2007,4403,2007
1054,HEV,Saturn,Vue,2008,2920,2007
1055,HEV,Saturn,Vue,2009,2656,2007
1056,HEV,Saturn,Vue,2010,50,2007
1057,HEV,Saturn,Vue,2011,0,2007
1058,HEV,Saturn,Vue,2012,0,2007
1059,HEV,Saturn,Vue,2013,0,2007
1060,HEV,Saturn,Vue,2014,0,2007
1061,HEV,Saturn,Vue,2015,0,2007
1062,HEV,Saturn,Vue,2016,0,2007
1063,HEV,Saturn,Vue,2017,0,2007
1064,HEV,Subaru,XV Crosstrek,1999,0,2014
1065,HEV,Subaru,XV Crosstrek,2000,0,2014
1066,HEV,Subaru,XV Crosstrek,2001,0,2014
1067,HEV,Subaru,XV Crosstrek,2002,0,2014
1068,HEV,Subaru,XV Crosstrek,2003,0,2014
1069,HEV,Subaru,XV Crosstrek,2004,0,2014
1070,HEV,Subaru,XV Crosstrek,2005,0,2014
1071,HEV,Subaru,XV Crosstrek,2006,0,2014
1072,HEV,Subaru,XV Crosstrek,2007,0,2014
1073,HEV,Subaru,XV Crosstrek,2008,0,2014
1074,HEV,Subaru,XV Crosstrek,2009,0,2014
1075,HEV,Subaru,XV Crosstrek,2010,0,2014
1076,HEV,Subaru,XV Crosstrek,2011,0,2014
1077,HEV,Subaru,XV Crosstrek,2012,0,2014
1078,HEV,Subaru,XV Crosstrek,2013,0,2014
1079,HEV,Subaru,XV Crosstrek,2014,7926,2014
1080,HEV,Subaru,XV Crosstrek,2015,5589,2014
1081,HEV,Subaru,XV Crosstrek,2016,2173,2014
1082,HEV,Subaru,XV Crosstrek,2017,45,2014
1083,HEV,Toyota,Avalon,1999,0,2012
1084,HEV,Toyota,Avalon,2000,0,2012
1085,HEV,Toyota,Avalon,2001,0,2012
1086,HEV,Toyota,Avalon,2002,0,2012
1087,HEV,Toyota,Avalon,2003,0,2012
1088,HEV,Toyota,Avalon,2004,0,2012
1089,HEV,Toyota,Avalon,2005,0,2012
1090,HEV,Toyota,Avalon,2006,0,2012
1091,HEV,Toyota,Avalon,2007,0,2012
1092,HEV,Toyota,Avalon,2008,0,2012
1093,HEV,Toyota,Avalon,2009,0,2012
1094,HEV,Toyota,Avalon,2010,0,2012
1095,HEV,Toyota,Avalon,2011,0,2012
1096,HEV,Toyota,Avalon,2012,747,2012
1097,HEV,Toyota,Avalon,2013,16468,2012
1098,HEV,Toyota,Avalon,2014,17048,2012
1099,HEV,Toyota,Avalon,2015,11956,2012
1100,HEV,Toyota,Avalon,2016,8451,2012
1101,HEV,Toyota,Avalon,2017,4990,2012
1102,HEV,Toyota,Camry,1999,0,2006
1103,HEV,Toyota,Camry,2000,0,2006
1104,HEV,Toyota,Camry,2001,0,2006
1105,HEV,Toyota,Camry,2002,0,2006
1106,HEV,Toyota,Camry,2003,0,2006
1107,HEV,Toyota,Camry,2004,0,2006
1108,HEV,Toyota,Camry,2005,0,2006
1109,HEV,Toyota,Camry,2006,31341,2006
1110,HEV,Toyota,Camry,2007,54477,2006
1111,HEV,Toyota,Camry,2008,46272,2006
1112,HEV,Toyota,Camry,2009,22887,2006
1113,HEV,Toyota,Camry,2010,14587,2006
1114,HEV,Toyota,Camry,2011,9241,2006
1115,HEV,Toyota,Camry,2012,45656,2006
1116,HEV,Toyota,Camry,2013,44448,2006
1117,HEV,Toyota,Camry,2014,39515,2006
1118,HEV,Toyota,Camry,2015,30640,2006
1119,HEV,Toyota,Camry,2016,22227,2006
1120,HEV,Toyota,Camry,2017,20985,2006
1121,HEV,Toyota,Highlander,1999,0,2005
1122,HEV,Toyota,Highlander,2000,0,2005
1123,HEV,Toyota,Highlander,2001,0,2005
1124,HEV,Toyota,Highlander,2002,0,2005
1125,HEV,Toyota,Highlander,2003,0,2005
1126,HEV,Toyota,Highlander,2004,0,2005
1127,HEV,Toyota,Highlander,2005,17989,2005
1128,HEV,Toyota,Highlander,2006,31485,2005
1129,HEV,Toyota,Highlander,2007,22052,2005
1130,HEV,Toyota,Highlander,2008,19441,2005
1131,HEV,Toyota,Highlander,2009,11086,2005
1132,HEV,Toyota,Highlander,2010,7456,2005
1133,HEV,Toyota,Highlander,2011,4549,2005
1134,HEV,Toyota,Highlander,2012,5921,2005
1135,HEV,Toyota,Highlander,2013,5070,2005
1136,HEV,Toyota,Highlander,2014,3621,2005
1137,HEV,Toyota,Highlander,2015,4015,2005
1138,HEV,Toyota,Highlander,2016,5976,2005
1139,HEV,Toyota,Highlander,2017,16864,2005
1140,HEV,Toyota,Prius (Liftback),1999,0,2000
1141,HEV,Toyota,Prius (Liftback),2000,5562,2000
1142,HEV,Toyota,Prius (Liftback),2001,15556,2000
1143,HEV,Toyota,Prius (Liftback),2002,20119,2000
1144,HEV,Toyota,Prius (Liftback),2003,24600,2000
1145,HEV,Toyota,Prius (Liftback),2004,53991,2000
1146,HEV,Toyota,Prius (Liftback),2005,107897,2000
1147,HEV,Toyota,Prius (Liftback),2006,106971,2000
1148,HEV,Toyota,Prius (Liftback),2007,181221,2000
1149,HEV,Toyota,Prius (Liftback),2008,158574,2000
1150,HEV,Toyota,Prius (Liftback),2009,139682,2000
1151,HEV,Toyota,Prius (Liftback),2010,140928,2000
1152,HEV,Toyota,Prius (Liftback),2011,136481,2000
1153,HEV,Toyota,Prius (Liftback),2012,164618,2000
1154,HEV,Toyota,Prius (Liftback),2013,145172,2000
1155,HEV,Toyota,Prius (Liftback),2014,122776,2000
1156,HEV,Toyota,Prius (Liftback),2015,113829,2000
1157,HEV,Toyota,Prius (Liftback),2016,98863,2000
1158,HEV,Toyota,Prius (Liftback),2017,65630,2000
1159,HEV,Toyota,Prius C,1999,0,2012
1160,HEV,Toyota,Prius C,2000,0,2012
1161,HEV,Toyota,Prius C,2001,0,2012
1162,HEV,Toyota,Prius C,2002,0,2012
1163,HEV,Toyota,Prius C,2003,0,2012
1164,HEV,Toyota,Prius C,2004,0,2012
1165,HEV,Toyota,Prius C,2005,0,2012
1166,HEV,Toyota,Prius C,2006,0,2012
1167,HEV,Toyota,Prius C,2007,0,2012
1168,HEV,Toyota,Prius C,2008,0,2012
1169,HEV,Toyota,Prius C,2009,0,2012
1170,HEV,Toyota,Prius C,2010,0,2012
1171,HEV,Toyota,Prius C,2011,0,2012
1172,HEV,Toyota,Prius C,2012,30838,2012
1173,HEV,Toyota,Prius C,2013,41979,2012
1174,HEV,Toyota,Prius C,2014,40570,2012
1175,HEV,Toyota,Prius C,2015,38484,2012
1176,HEV,Toyota,Prius C,2016,20452,2012
1177,HEV,Toyota,Prius C,2017,12415,2012
1178,HEV,Toyota,Prius V,1999,0,2012
1179,HEV,Toyota,Prius V,2000,0,2012
1180,HEV,Toyota,Prius V,2001,0,2012
1181,HEV,Toyota,Prius V,2002,0,2012
1182,HEV,Toyota,Prius V,2003,0,2012
1183,HEV,Toyota,Prius V,2004,0,2012
1184,HEV,Toyota,Prius V,2005,0,2012
1185,HEV,Toyota,Prius V,2006,0,2012
1186,HEV,Toyota,Prius V,2007,0,2012
1187,HEV,Toyota,Prius V,2008,0,2012
1188,HEV,Toyota,Prius V,2009,0,2012
1189,HEV,Toyota,Prius V,2010,0,2012
1190,HEV,Toyota,Prius V,2011,0,2012
1191,HEV,Toyota,Prius V,2012,28450,2012
1192,HEV,Toyota,Prius V,2013,34989,2012
1193,HEV,Toyota,Prius V,2014,30762,2012
1194,HEV,Toyota,Prius V,2015,28290,2012
1195,HEV,Toyota,Prius V,2016,14840,2012
1196,HEV,Toyota,Prius V,2017,9680,2012
1197,HEV,Toyota,RAV4 ,1999,0,2015
1198,HEV,Toyota,RAV4 ,2000,0,2015
1199,HEV,Toyota,RAV4 ,2001,0,2015
1200,HEV,Toyota,RAV4 ,2002,0,2015
1201,HEV,Toyota,RAV4 ,2003,0,2015
1202,HEV,Toyota,RAV4 ,2004,0,2015
1203,HEV,Toyota,RAV4 ,2005,0,2015
1204,HEV,Toyota,RAV4 ,2006,0,2015
1205,HEV,Toyota,RAV4 ,2007,0,2015
1206,HEV,Toyota,RAV4 ,2008,0,2015
1207,HEV,Toyota,RAV4 ,2009,0,2015
1208,HEV,Toyota,RAV4 ,2010,0,2015
1209,HEV,Toyota,RAV4 ,2011,0,2015
1210,HEV,Toyota,RAV4 ,2012,0,2015
1211,HEV,Toyota,RAV4 ,2013,0,2015
1212,HEV,Toyota,RAV4 ,2014,0,2015
1213,HEV,Toyota,RAV4 ,2015,1494,2015
1214,HEV,Toyota,RAV4 ,2016,45070,2015
1215,HEV,Toyota,RAV4 ,2017,50559,2015
1216,HEV,Volkswagen,Jetta Hybrid,1999,0,2012
1217,HEV,Volkswagen,Jetta Hybrid,2000,0,2012
1218,HEV,Volkswagen,Jetta Hybrid,2001,0,2012
1219,HEV,Volkswagen,Jetta Hybrid,2002,0,2012
1220,HEV,Volkswagen,Jetta Hybrid,2003,0,2012
1221,HEV,Volkswagen,Jetta Hybrid,2004,0,2012
1222,HEV,Volkswagen,Jetta Hybrid,2005,0,2012
1223,HEV,Volkswagen,Jetta Hybrid,2006,0,2012
1224,HEV,Volkswagen,Jetta Hybrid,2007,0,2012
1225,HEV,Volkswagen,Jetta Hybrid,2008,0,2012
1226,HEV,Volkswagen,Jetta Hybrid,2009,0,2012
1227,HEV,Volkswagen,Jetta Hybrid,2010,0,2012
1228,HEV,Volkswagen,Jetta Hybrid,2011,0,2012
1229,HEV,Volkswagen,Jetta Hybrid,2012,162,2012
1230,HEV,Volkswagen,Jetta Hybrid,2013,5655,2012
1231,HEV,Volkswagen,Jetta Hybrid,2014,1939,2012
1232,HEV,Volkswagen,Jetta Hybrid,2015,740,2012
1233,HEV,Volkswagen,Jetta Hybrid,2016,709,2012
1234,HEV,Volkswagen,Jetta Hybrid,2017,70,2012
1235,HEV,Volkswagen,Touareg Hybrid,1999,0,2011
1236,HEV,Volkswagen,Touareg Hybrid,2000,0,2011
1237,HEV,Volkswagen,Touareg Hybrid,2001,0,2011
1238,HEV,Volkswagen,Touareg Hybrid,2002,0,2011
1239,HEV,Volkswagen,Touareg Hybrid,2003,0,2011
1240,HEV,Volkswagen,Touareg Hybrid,2004,0,2011
1241,HEV,Volkswagen,Touareg Hybrid,2005,0,2011
1242,HEV,Volkswagen,Touareg Hybrid,2006,0,2011
1243,HEV,Volkswagen,Touareg Hybrid,2007,0,2011
1244,HEV,Volkswagen,Touareg Hybrid,2008,0,2011
1245,HEV,Volkswagen,Touareg Hybrid,2009,0,2011
1246,HEV,Volkswagen,Touareg Hybrid,2010,0,2011
1247,HEV,Volkswagen,Touareg Hybrid,2011,221,2011
1248,HEV,Volkswagen,Touareg Hybrid,2012,250,2011
1249,HEV,Volkswagen,Touareg Hybrid,2013,118,2011
1250,HEV,Volkswagen,Touareg Hybrid,2014,30,2011
1251,HEV,Volkswagen,Touareg Hybrid,2015,16,2011
1252,HEV,Volkswagen,Touareg Hybrid,2016,1,2011
1253,HEV,Volkswagen,Touareg Hybrid,2017,0,2011
1254,PEV,Audi,A3 Plug In,1999,0,2016
1255,PEV,Audi,A3 Plug In,2000,0,2016
1256,PEV,Audi,A3 Plug In,2001,0,2016
1257,PEV,Audi,A3 Plug In,2002,0,2016
1258,PEV,Audi,A3 Plug In,2003,0,2016
1259,PEV,Audi,A3 Plug In,2004,0,2016
1260,PEV,Audi,A3 Plug In,2005,0,2016
1261,PEV,Audi,A3 Plug In,2006,0,2016
1262,PEV,Audi,A3 Plug In,2007,0,2016
1263,PEV,Audi,A3 Plug In,2008,0,2016
1264,PEV,Audi,A3 Plug In,2009,0,2016
1265,PEV,Audi,A3 Plug In,2010,0,2016
1266,PEV,Audi,A3 Plug In,2011,0,2016
1267,PEV,Audi,A3 Plug In,2012,0,2016
1268,PEV,Audi,A3 Plug In,2013,0,2016
1269,PEV,Audi,A3 Plug In,2014,0,2016
1270,PEV,Audi,A3 Plug In,2015,0,2016
1271,PEV,Audi,A3 Plug In,2016,4280,2016
1272,PEV,Audi,A3 Plug In,2017,2877,2016
1273,PEV,BMW,3 Series Plug,1999,0,2015
1274,PEV,BMW,3 Series Plug,2000,0,2015
1275,PEV,BMW,3 Series Plug,2001,0,2015
1276,PEV,BMW,3 Series Plug,2002,0,2015
1277,PEV,BMW,3 Series Plug,2003,0,2015
1278,PEV,BMW,3 Series Plug,2004,0,2015
1279,PEV,BMW,3 Series Plug,2005,0,2015
1280,PEV,BMW,3 Series Plug,2006,0,2015
1281,PEV,BMW,3 Series Plug,2007,0,2015
1282,PEV,BMW,3 Series Plug,2008,0,2015
1283,PEV,BMW,3 Series Plug,2009,0,2015
1284,PEV,BMW,3 Series Plug,2010,0,2015
1285,PEV,BMW,3 Series Plug,2011,0,2015
1286,PEV,BMW,3 Series Plug,2012,0,2015
1287,PEV,BMW,3 Series Plug,2013,0,2015
1288,PEV,BMW,3 Series Plug,2014,0,2015
1289,PEV,BMW,3 Series Plug,2015,54,2015
1290,PEV,BMW,3 Series Plug,2016,851,2015
1291,PEV,BMW,3 Series Plug,2017,4141,2015
1292,PEV,BMW,5 Series Plug,1999,0,2017
1293,PEV,BMW,5 Series Plug,2000,0,2017
1294,PEV,BMW,5 Series Plug,2001,0,2017
1295,PEV,BMW,5 Series Plug,2002,0,2017
1296,PEV,BMW,5 Series Plug,2003,0,2017
1297,PEV,BMW,5 Series Plug,2004,0,2017
1298,PEV,BMW,5 Series Plug,2005,0,2017
1299,PEV,BMW,5 Series Plug,2006,0,2017
1300,PEV,BMW,5 Series Plug,2007,0,2017
1301,PEV,BMW,5 Series Plug,2008,0,2017
1302,PEV,BMW,5 Series Plug,2009,0,2017
1303,PEV,BMW,5 Series Plug,2010,0,2017
1304,PEV,BMW,5 Series Plug,2011,0,2017
1305,PEV,BMW,5 Series Plug,2012,0,2017
1306,PEV,BMW,5 Series Plug,2013,0,2017
1307,PEV,BMW,5 Series Plug,2014,0,2017
1308,PEV,BMW,5 Series Plug,2015,0,2017
1309,PEV,BMW,5 Series Plug,2016,0,2017
1310,PEV,BMW,5 Series Plug,2017,3759,2017
1311,PEV,BMW,7 Series Plug,1999,0,2016
1312,PEV,BMW,7 Series Plug,2000,0,2016
1313,PEV,BMW,7 Series Plug,2001,0,2016
1314,PEV,BMW,7 Series Plug,2002,0,2016
1315,PEV,BMW,7 Series Plug,2003,0,2016
1316,PEV,BMW,7 Series Plug,2004,0,2016
1317,PEV,BMW,7 Series Plug,2005,0,2016
1318,PEV,BMW,7 Series Plug,2006,0,2016
1319,PEV,BMW,7 Series Plug,2007,0,2016
1320,PEV,BMW,7 Series Plug,2008,0,2016
1321,PEV,BMW,7 Series Plug,2009,0,2016
1322,PEV,BMW,7 Series Plug,2010,0,2016
1323,PEV,BMW,7 Series Plug,2011,0,2016
1324,PEV,BMW,7 Series Plug,2012,0,2016
1325,PEV,BMW,7 Series Plug,2013,0,2016
1326,PEV,BMW,7 Series Plug,2014,0,2016
1327,PEV,BMW,7 Series Plug,2015,0,2016
1328,PEV,BMW,7 Series Plug,2016,23,2016
1329,PEV,BMW,7 Series Plug,2017,707,2016
1330,PEV,BMW,Active E,1999,0,2012
1331,PEV,BMW,Active E,2000,0,2012
1332,PEV,BMW,Active E,2001,0,2012
1333,PEV,BMW,Active E,2002,0,2012
1334,PEV,BMW,Active E,2003,0,2012
1335,PEV,BMW,Active E,2004,0,2012
1336,PEV,BMW,Active E,2005,0,2012
1337,PEV,BMW,Active E,2006,0,2012
1338,PEV,BMW,Active E,2007,0,2012
1339,PEV,BMW,Active E,2008,0,2012
1340,PEV,BMW,Active E,2009,0,2012
1341,PEV,BMW,Active E,2010,0,2012
1342,PEV,BMW,Active E,2011,0,2012
1343,PEV,BMW,Active E,2012,965,2012
1344,PEV,BMW,Active E,2013,0,2012
1345,PEV,BMW,Active E,2014,0,2012
1346,PEV,BMW,Active E,2015,0,2012
1347,PEV,BMW,Active E,2016,0,2012
1348,PEV,BMW,Active E,2017,0,2012
1349,PEV,BMW,X5,1999,0,2015
1350,PEV,BMW,X5,2000,0,2015
1351,PEV,BMW,X5,2001,0,2015
1352,PEV,BMW,X5,2002,0,2015
1353,PEV,BMW,X5,2003,0,2015
1354,PEV,BMW,X5,2004,0,2015
1355,PEV,BMW,X5,2005,0,2015
1356,PEV,BMW,X5,2006,0,2015
1357,PEV,BMW,X5,2007,0,2015
1358,PEV,BMW,X5,2008,0,2015
1359,PEV,BMW,X5,2009,0,2015
1360,PEV,BMW,X5,2010,0,2015
1361,PEV,BMW,X5,2011,0,2015
1362,PEV,BMW,X5,2012,0,2015
1363,PEV,BMW,X5,2013,0,2015
1364,PEV,BMW,X5,2014,0,2015
1365,PEV,BMW,X5,2015,774,2015
1366,PEV,BMW,X5,2016,5995,2015
1367,PEV,BMW,X5,2017,5349,2015
1368,PEV,BMW,i3,1999,0,2014
1369,PEV,BMW,i3,2000,0,2014
1370,PEV,BMW,i3,2001,0,2014
1371,PEV,BMW,i3,2002,0,2014
1372,PEV,BMW,i3,2003,0,2014
1373,PEV,BMW,i3,2004,0,2014
1374,PEV,BMW,i3,2005,0,2014
1375,PEV,BMW,i3,2006,0,2014
1376,PEV,BMW,i3,2007,0,2014
1377,PEV,BMW,i3,2008,0,2014
1378,PEV,BMW,i3,2009,0,2014
1379,PEV,BMW,i3,2010,0,2014
1380,PEV,BMW,i3,2011,0,2014
1381,PEV,BMW,i3,2012,0,2014
1382,PEV,BMW,i3,2013,0,2014
1383,PEV,BMW,i3,2014,6092,2014
1384,PEV,BMW,i3,2015,11004,2014
1385,PEV,BMW,i3,2016,7625,2014
1386,PEV,BMW,i3,2017,6276,2014
1387,PEV,BMW,i8,1999,0,2014
1388,PEV,BMW,i8,2000,0,2014
1389,PEV,BMW,i8,2001,0,2014
1390,PEV,BMW,i8,2002,0,2014
1391,PEV,BMW,i8,2003,0,2014
1392,PEV,BMW,i8,2004,0,2014
1393,PEV,BMW,i8,2005,0,2014
1394,PEV,BMW,i8,2006,0,2014
1395,PEV,BMW,i8,2007,0,2014
1396,PEV,BMW,i8,2008,0,2014
1397,PEV,BMW,i8,2009,0,2014
1398,PEV,BMW,i8,2010,0,2014
1399,PEV,BMW,i8,2011,0,2014
1400,PEV,BMW,i8,2012,0,2014
1401,PEV,BMW,i8,2013,0,2014
1402,PEV,BMW,i8,2014,555,2014
1403,PEV,BMW,i8,2015,2265,2014
1404,PEV,BMW,i8,2016,1594,2014
1405,PEV,BMW,i8,2017,488,2014
1406,PEV,Cadillac,CT6,1999,0,2017
1407,PEV,Cadillac,CT6,2000,0,2017
1408,PEV,Cadillac,CT6,2001,0,2017
1409,PEV,Cadillac,CT6,2002,0,2017
1410,PEV,Cadillac,CT6,2003,0,2017
1411,PEV,Cadillac,CT6,2004,0,2017
1412,PEV,Cadillac,CT6,2005,0,2017
1413,PEV,Cadillac,CT6,2006,0,2017
1414,PEV,Cadillac,CT6,2007,0,2017
1415,PEV,Cadillac,CT6,2008,0,2017
1416,PEV,Cadillac,CT6,2009,0,2017
1417,PEV,Cadillac,CT6,2010,0,2017
1418,PEV,Cadillac,CT6,2011,0,2017
1419,PEV,Cadillac,CT6,2012,0,2017
1420,PEV,Cadillac,CT6,2013,0,2017
1421,PEV,Cadillac,CT6,2014,0,2017
1422,PEV,Cadillac,CT6,2015,0,2017
1423,PEV,Cadillac,CT6,2016,0,2017
1424,PEV,Cadillac,CT6,2017,205,2017
1425,PEV,Cadillac,ELR,1999,0,2014
1426,PEV,Cadillac,ELR,2000,0,2014
1427,PEV,Cadillac,ELR,2001,0,2014
1428,PEV,Cadillac,ELR,2002,0,2014
1429,PEV,Cadillac,ELR,2003,0,2014
1430,PEV,Cadillac,ELR,2004,0,2014
1431,PEV,Cadillac,ELR,2005,0,2014
1432,PEV,Cadillac,ELR,2006,0,2014
1433,PEV,Cadillac,ELR,2007,0,2014
1434,PEV,Cadillac,ELR,2008,0,2014
1435,PEV,Cadillac,ELR,2009,0,2014
1436,PEV,Cadillac,ELR,2010,0,2014
1437,PEV,Cadillac,ELR,2011,0,2014
1438,PEV,Cadillac,ELR,2012,0,2014
1439,PEV,Cadillac,ELR,2013,6,2014
1440,PEV,Cadillac,ELR,2014,1310,2014
1441,PEV,Cadillac,ELR,2015,1024,2014
1442,PEV,Cadillac,ELR,2016,534,2014
1443,PEV,Cadillac,ELR,2017,17,2014
1444,PEV,Chevrolet,Bolt,1999,0,2016
1445,PEV,Chevrolet,Bolt,2000,0,2016
1446,PEV,Chevrolet,Bolt,2001,0,2016
1447,PEV,Chevrolet,Bolt,2002,0,2016
1448,PEV,Chevrolet,Bolt,2003,0,2016
1449,PEV,Chevrolet,Bolt,2004,0,2016
1450,PEV,Chevrolet,Bolt,2005,0,2016
1451,PEV,Chevrolet,Bolt,2006,0,2016
1452,PEV,Chevrolet,Bolt,2007,0,2016
1453,PEV,Chevrolet,Bolt,2008,0,2016
1454,PEV,Chevrolet,Bolt,2009,0,2016
1455,PEV,Chevrolet,Bolt,2010,0,2016
1456,PEV,Chevrolet,Bolt,2011,0,2016
1457,PEV,Chevrolet,Bolt,2012,0,2016
1458,PEV,Chevrolet,Bolt,2013,0,2016
1459,PEV,Chevrolet,Bolt,2014,0,2016
1460,PEV,Chevrolet,Bolt,2015,0,2016
1461,PEV,Chevrolet,Bolt,2016,579,2016
1462,PEV,Chevrolet,Bolt,2017,23297,2016
1463,PEV,Chevrolet,Spark,1999,0,2013
1464,PEV,Chevrolet,Spark,2000,0,2013
1465,PEV,Chevrolet,Spark,2001,0,2013
1466,PEV,Chevrolet,Spark,2002,0,2013
1467,PEV,Chevrolet,Spark,2003,0,2013
1468,PEV,Chevrolet,Spark,2004,0,2013
1469,PEV,Chevrolet,Spark,2005,0,2013
1470,PEV,Chevrolet,Spark,2006,0,2013
1471,PEV,Chevrolet,Spark,2007,0,2013
1472,PEV,Chevrolet,Spark,2008,0,2013
1473,PEV,Chevrolet,Spark,2009,0,2013
1474,PEV,Chevrolet,Spark,2010,0,2013
1475,PEV,Chevrolet,Spark,2011,0,2013
1476,PEV,Chevrolet,Spark,2012,0,2013
1477,PEV,Chevrolet,Spark,2013,560,2013
1478,PEV,Chevrolet,Spark,2014,1145,2013
1479,PEV,Chevrolet,Spark,2015,2629,2013
1480,PEV,Chevrolet,Spark,2016,3035,2013
1481,PEV,Chevrolet,Spark,2017,23,2013
1482,PEV,Chevrolet,Volt,1999,0,2011
1483,PEV,Chevrolet,Volt,2000,0,2011
1484,PEV,Chevrolet,Volt,2001,0,2011
1485,PEV,Chevrolet,Volt,2002,0,2011
1486,PEV,Chevrolet,Volt,2003,0,2011
1487,PEV,Chevrolet,Volt,2004,0,2011
1488,PEV,Chevrolet,Volt,2005,0,2011
1489,PEV,Chevrolet,Volt,2006,0,2011
1490,PEV,Chevrolet,Volt,2007,0,2011
1491,PEV,Chevrolet,Volt,2008,0,2011
1492,PEV,Chevrolet,Volt,2009,0,2011
1493,PEV,Chevrolet,Volt,2010,0,2011
1494,PEV,Chevrolet,Volt,2011,7671,2011
1495,PEV,Chevrolet,Volt,2012,23461,2011
1496,PEV,Chevrolet,Volt,2013,23094,2011
1497,PEV,Chevrolet,Volt,2014,18805,2011
1498,PEV,Chevrolet,Volt,2015,15393,2011
1499,PEV,Chevrolet,Volt,2016,24739,2011
1500,PEV,Chevrolet,Volt,2017,20349,2011
1501,PEV,Chrysler,Pacifica,1999,0,2017
1502,PEV,Chrysler,Pacifica,2000,0,2017
1503,PEV,Chrysler,Pacifica,2001,0,2017
1504,PEV,Chrysler,Pacifica,2002,0,2017
1505,PEV,Chrysler,Pacifica,2003,0,2017
1506,PEV,Chrysler,Pacifica,2004,0,2017
1507,PEV,Chrysler,Pacifica,2005,0,2017
1508,PEV,Chrysler,Pacifica,2006,0,2017
1509,PEV,Chrysler,Pacifica,2007,0,2017
1510,PEV,Chrysler,Pacifica,2008,0,2017
1511,PEV,Chrysler,Pacifica,2009,0,2017
1512,PEV,Chrysler,Pacifica,2010,0,2017
1513,PEV,Chrysler,Pacifica,2011,0,2017
1514,PEV,Chrysler,Pacifica,2012,0,2017
1515,PEV,Chrysler,Pacifica,2013,0,2017
1516,PEV,Chrysler,Pacifica,2014,0,2017
1517,PEV,Chrysler,Pacifica,2015,0,2017
1518,PEV,Chrysler,Pacifica,2016,0,2017
1519,PEV,Chrysler,Pacifica,2017,2764,2017
1520,PEV,Fiat,500E,1999,0,2013
1521,PEV,Fiat,500E,2000,0,2013
1522,PEV,Fiat,500E,2001,0,2013
1523,PEV,Fiat,500E,2002,0,2013
1524,PEV,Fiat,500E,2003,0,2013
1525,PEV,Fiat,500E,2004,0,2013
1526,PEV,Fiat,500E,2005,0,2013
1527,PEV,Fiat,500E,2006,0,2013
1528,PEV,Fiat,500E,2007,0,2013
1529,PEV,Fiat,500E,2008,0,2013
1530,PEV,Fiat,500E,2009,0,2013
1531,PEV,Fiat,500E,2010,0,2013
1532,PEV,Fiat,500E,2011,0,2013
1533,PEV,Fiat,500E,2012,0,2013
1534,PEV,Fiat,500E,2013,260,2013
1535,PEV,Fiat,500E,2014,1503,2013
1536,PEV,Fiat,500E,2015,3477,2013
1537,PEV,Fiat,500E,2016,3737,2013
1538,PEV,Fiat,500E,2017,3336,2013
1539,PEV,Ford,C-MAX Energi,1999,0,2012
1540,PEV,Ford,C-MAX Energi,2000,0,2012
1541,PEV,Ford,C-MAX Energi,2001,0,2012
1542,PEV,Ford,C-MAX Energi,2002,0,2012
1543,PEV,Ford,C-MAX Energi,2003,0,2012
1544,PEV,Ford,C-MAX Energi,2004,0,2012
1545,PEV,Ford,C-MAX Energi,2005,0,2012
1546,PEV,Ford,C-MAX Energi,2006,0,2012
1547,PEV,Ford,C-MAX Energi,2007,0,2012
1548,PEV,Ford,C-MAX Energi,2008,0,2012
1549,PEV,Ford,C-MAX Energi,2009,0,2012
1550,PEV,Ford,C-MAX Energi,2010,0,2012
1551,PEV,Ford,C-MAX Energi,2011,0,2012
1552,PEV,Ford,C-MAX Energi,2012,2374,2012
1553,PEV,Ford,C-MAX Energi,2013,7154,2012
1554,PEV,Ford,C-MAX Energi,2014,8433,2012
1555,PEV,Ford,C-MAX Energi,2015,7591,2012
1556,PEV,Ford,C-MAX Energi,2016,7957,2012
1557,PEV,Ford,C-MAX Energi,2017,8140,2012
1558,PEV,Ford,Focus EV,1999,0,2012
1559,PEV,Ford,Focus EV,2000,0,2012
1560,PEV,Ford,Focus EV,2001,0,2012
1561,PEV,Ford,Focus EV,2002,0,2012
1562,PEV,Ford,Focus EV,2003,0,2012
1563,PEV,Ford,Focus EV,2004,0,2012
1564,PEV,Ford,Focus EV,2005,0,2012
1565,PEV,Ford,Focus EV,2006,0,2012
1566,PEV,Ford,Focus EV,2007,0,2012
1567,PEV,Ford,Focus EV,2008,0,2012
1568,PEV,Ford,Focus EV,2009,0,2012
1569,PEV,Ford,Focus EV,2010,0,2012
1570,PEV,Ford,Focus EV,2011,0,2012
1571,PEV,Ford,Focus EV,2012,683,2012
1572,PEV,Ford,Focus EV,2013,1738,2012
1573,PEV,Ford,Focus EV,2014,1964,2012
1574,PEV,Ford,Focus EV,2015,1582,2012
1575,PEV,Ford,Focus EV,2016,901,2012
1576,PEV,Ford,Focus EV,2017,1817,2012
1577,PEV,Ford,Fusion Energi,1999,0,2013
1578,PEV,Ford,Fusion Energi,2000,0,2013
1579,PEV,Ford,Fusion Energi,2001,0,2013
1580,PEV,Ford,Fusion Energi,2002,0,2013
1581,PEV,Ford,Fusion Energi,2003,0,2013
1582,PEV,Ford,Fusion Energi,2004,0,2013
1583,PEV,Ford,Fusion Energi,2005,0,2013
1584,PEV,Ford,Fusion Energi,2006,0,2013
1585,PEV,Ford,Fusion Energi,2007,0,2013
1586,PEV,Ford,Fusion Energi,2008,0,2013
1587,PEV,Ford,Fusion Energi,2009,0,2013
1588,PEV,Ford,Fusion Energi,2010,0,2013
1589,PEV,Ford,Fusion Energi,2011,0,2013
1590,PEV,Ford,Fusion Energi,2012,0,2013
1591,PEV,Ford,Fusion Energi,2013,6089,2013
1592,PEV,Ford,Fusion Energi,2014,11550,2013
1593,PEV,Ford,Fusion Energi,2015,9750,2013
1594,PEV,Ford,Fusion Energi,2016,15938,2013
1595,PEV,Ford,Fusion Energi,2017,9632,2013
1596,PEV,Honda,Accord,1999,0,2013
1597,PEV,Honda,Accord,2000,0,2013
1598,PEV,Honda,Accord,2001,0,2013
1599,PEV,Honda,Accord,2002,0,2013
1600,PEV,Honda,Accord,2003,0,2013
1601,PEV,Honda,Accord,2004,0,2013
1602,PEV,Honda,Accord,2005,0,2013
1603,PEV,Honda,Accord,2006,0,2013
1604,PEV,Honda,Accord,2007,0,2013
1605,PEV,Honda,Accord,2008,0,2013
1606,PEV,Honda,Accord,2009,0,2013
1607,PEV,Honda,Accord,2010,0,2013
1608,PEV,Honda,Accord,2011,0,2013
1609,PEV,Honda,Accord,2012,0,2013
1610,PEV,Honda,Accord,2013,526,2013
1611,PEV,Honda,Accord,2014,449,2013
1612,PEV,Honda,Accord,2015,63,2013
1613,PEV,Honda,Accord,2016,0,2013
1614,PEV,Honda,Accord,2017,0,2013
1615,PEV,Honda,Clarity BEV,1999,0,2017
1616,PEV,Honda,Clarity BEV,2000,0,2017
1617,PEV,Honda,Clarity BEV,2001,0,2017
1618,PEV,Honda,Clarity BEV,2002,0,2017
1619,PEV,Honda,Clarity BEV,2003,0,2017
1620,PEV,Honda,Clarity BEV,2004,0,2017
1621,PEV,Honda,Clarity BEV,2005,0,2017
1622,PEV,Honda,Clarity BEV,2006,0,2017
1623,PEV,Honda,Clarity BEV,2007,0,2017
1624,PEV,Honda,Clarity BEV,2008,0,2017
1625,PEV,Honda,Clarity BEV,2009,0,2017
1626,PEV,Honda,Clarity BEV,2010,0,2017
1627,PEV,Honda,Clarity BEV,2011,0,2017
1628,PEV,Honda,Clarity BEV,2012,0,2017
1629,PEV,Honda,Clarity BEV,2013,0,2017
1630,PEV,Honda,Clarity BEV,2014,0,2017
1631,PEV,Honda,Clarity BEV,2015,0,2017
1632,PEV,Honda,Clarity BEV,2016,0,2017
1633,PEV,Honda,Clarity BEV,2017,1111,2017
1634,PEV,Honda,Clarity Plug-in,1999,0,2017
1635,PEV,Honda,Clarity Plug-in,2000,0,2017
1636,PEV,Honda,Clarity Plug-in,2001,0,2017
1637,PEV,Honda,Clarity Plug-in,2002,0,2017
1638,PEV,Honda,Clarity Plug-in,2003,0,2017
1639,PEV,Honda,Clarity Plug-in,2004,0,2017
1640,PEV,Honda,Clarity Plug-in,2005,0,2017
1641,PEV,Honda,Clarity Plug-in,2006,0,2017
1642,PEV,Honda,Clarity Plug-in,2007,0,2017
1643,PEV,Honda,Clarity Plug-in,2008,0,2017
1644,PEV,Honda,Clarity Plug-in,2009,0,2017
1645,PEV,Honda,Clarity Plug-in,2010,0,2017
1646,PEV,Honda,Clarity Plug-in,2011,0,2017
1647,PEV,Honda,Clarity Plug-in,2012,0,2017
1648,PEV,Honda,Clarity Plug-in,2013,0,2017
1649,PEV,Honda,Clarity Plug-in,2014,0,2017
1650,PEV,Honda,Clarity Plug-in,2015,0,2017
1651,PEV,Honda,Clarity Plug-in,2016,0,2017
1652,PEV,Honda,Clarity Plug-in,2017,898,2017
1653,PEV,Honda,Fit EV,1999,0,2012
1654,PEV,Honda,Fit EV,2000,0,2012
1655,PEV,Honda,Fit EV,2001,0,2012
1656,PEV,Honda,Fit EV,2002,0,2012
1657,PEV,Honda,Fit EV,2003,0,2012
1658,PEV,Honda,Fit EV,2004,0,2012
1659,PEV,Honda,Fit EV,2005,0,2012
1660,PEV,Honda,Fit EV,2006,0,2012
1661,PEV,Honda,Fit EV,2007,0,2012
1662,PEV,Honda,Fit EV,2008,0,2012
1663,PEV,Honda,Fit EV,2009,0,2012
1664,PEV,Honda,Fit EV,2010,0,2012
1665,PEV,Honda,Fit EV,2011,0,2012
1666,PEV,Honda,Fit EV,2012,93,2012
1667,PEV,Honda,Fit EV,2013,569,2012
1668,PEV,Honda,Fit EV,2014,407,2012
1669,PEV,Honda,Fit EV,2015,2,2012
1670,PEV,Honda,Fit EV,2016,0,2012
1671,PEV,Honda,Fit EV,2017,0,2012
1672,PEV,Hyundai,Ioniq EV,1999,0,2017
1673,PEV,Hyundai,Ioniq EV,2000,0,2017
1674,PEV,Hyundai,Ioniq EV,2001,0,2017
1675,PEV,Hyundai,Ioniq EV,2002,0,2017
1676,PEV,Hyundai,Ioniq EV,2003,0,2017
1677,PEV,Hyundai,Ioniq EV,2004,0,2017
1678,PEV,Hyundai,Ioniq EV,2005,0,2017
1679,PEV,Hyundai,Ioniq EV,2006,0,2017
1680,PEV,Hyundai,Ioniq EV,2007,0,2017
1681,PEV,Hyundai,Ioniq EV,2008,0,2017
1682,PEV,Hyundai,Ioniq EV,2009,0,2017
1683,PEV,Hyundai,Ioniq EV,2010,0,2017
1684,PEV,Hyundai,Ioniq EV,2011,0,2017
1685,PEV,Hyundai,Ioniq EV,2012,0,2017
1686,PEV,Hyundai,Ioniq EV,2013,0,2017
1687,PEV,Hyundai,Ioniq EV,2014,0,2017
1688,PEV,Hyundai,Ioniq EV,2015,0,2017
1689,PEV,Hyundai,Ioniq EV,2016,0,2017
1690,PEV,Hyundai,Ioniq EV,2017,427,2017
1691,PEV,Hyundai,Sonata Plug-in,1999,0,2016
1692,PEV,Hyundai,Sonata Plug-in,2000,0,2016
1693,PEV,Hyundai,Sonata Plug-in,2001,0,2016
1694,PEV,Hyundai,Sonata Plug-in,2002,0,2016
1695,PEV,Hyundai,Sonata Plug-in,2003,0,2016
1696,PEV,Hyundai,Sonata Plug-in,2004,0,2016
1697,PEV,Hyundai,Sonata Plug-in,2005,0,2016
1698,PEV,Hyundai,Sonata Plug-in,2006,0,2016
1699,PEV,Hyundai,Sonata Plug-in,2007,0,2016
1700,PEV,Hyundai,Sonata Plug-in,2008,0,2016
1701,PEV,Hyundai,Sonata Plug-in,2009,0,2016
1702,PEV,Hyundai,Sonata Plug-in,2010,0,2016
1703,PEV,Hyundai,Sonata Plug-in,2011,0,2016
1704,PEV,Hyundai,Sonata Plug-in,2012,0,2016
1705,PEV,Hyundai,Sonata Plug-in,2013,0,2016
1706,PEV,Hyundai,Sonata Plug-in,2014,0,2016
1707,PEV,Hyundai,Sonata Plug-in,2015,0,2016
1708,PEV,Hyundai,Sonata Plug-in,2016,3000,2016
1709,PEV,Hyundai,Sonata Plug-in,2017,2254,2016
1710,PEV,Kia,Optima Plug-in,1999,0,2017
1711,PEV,Kia,Optima Plug-in,2000,0,2017
1712,PEV,Kia,Optima Plug-in,2001,0,2017
1713,PEV,Kia,Optima Plug-in,2002,0,2017
1714,PEV,Kia,Optima Plug-in,2003,0,2017
1715,PEV,Kia,Optima Plug-in,2004,0,2017
1716,PEV,Kia,Optima Plug-in,2005,0,2017
1717,PEV,Kia,Optima Plug-in,2006,0,2017
1718,PEV,Kia,Optima Plug-in,2007,0,2017
1719,PEV,Kia,Optima Plug-in,2008,0,2017
1720,PEV,Kia,Optima Plug-in,2009,0,2017
1721,PEV,Kia,Optima Plug-in,2010,0,2017
1722,PEV,Kia,Optima Plug-in,2011,0,2017
1723,PEV,Kia,Optima Plug-in,2012,0,2017
1724,PEV,Kia,Optima Plug-in,2013,0,2017
1725,PEV,Kia,Optima Plug-in,2014,0,2017
1726,PEV,Kia,Optima Plug-in,2015,0,2017
1727,PEV,Kia,Optima Plug-in,2016,0,2017
1728,PEV,Kia,Optima Plug-in,2017,1542,2017
1729,PEV,Kia,Soul EV,1999,0,2014
1730,PEV,Kia,Soul EV,2000,0,2014
1731,PEV,Kia,Soul EV,2001,0,2014
1732,PEV,Kia,Soul EV,2002,0,2014
1733,PEV,Kia,Soul EV,2003,0,2014
1734,PEV,Kia,Soul EV,2004,0,2014
1735,PEV,Kia,Soul EV,2005,0,2014
1736,PEV,Kia,Soul EV,2006,0,2014
1737,PEV,Kia,Soul EV,2007,0,2014
1738,PEV,Kia,Soul EV,2008,0,2014
1739,PEV,Kia,Soul EV,2009,0,2014
1740,PEV,Kia,Soul EV,2010,0,2014
1741,PEV,Kia,Soul EV,2011,0,2014
1742,PEV,Kia,Soul EV,2012,0,2014
1743,PEV,Kia,Soul EV,2013,0,2014
1744,PEV,Kia,Soul EV,2014,250,2014
1745,PEV,Kia,Soul EV,2015,1015,2014
1746,PEV,Kia,Soul EV,2016,1728,2014
1747,PEV,Kia,Soul EV,2017,2157,2014
1748,PEV,Mercedes,B-Class Electric,1999,0,2014
1749,PEV,Mercedes,B-Class Electric,2000,0,2014
1750,PEV,Mercedes,B-Class Electric,2001,0,2014
1751,PEV,Mercedes,B-Class Electric,2002,0,2014
1752,PEV,Mercedes,B-Class Electric,2003,0,2014
1753,PEV,Mercedes,B-Class Electric,2004,0,2014
1754,PEV,Mercedes,B-Class Electric,2005,0,2014
1755,PEV,Mercedes,B-Class Electric,2006,0,2014
1756,PEV,Mercedes,B-Class Electric,2007,0,2014
1757,PEV,Mercedes,B-Class Electric,2008,0,2014
1758,PEV,Mercedes,B-Class Electric,2009,0,2014
1759,PEV,Mercedes,B-Class Electric,2010,0,2014
1760,PEV,Mercedes,B-Class Electric,2011,0,2014
1761,PEV,Mercedes,B-Class Electric,2012,0,2014
1762,PEV,Mercedes,B-Class Electric,2013,0,2014
1763,PEV,Mercedes,B-Class Electric,2014,774,2014
1764,PEV,Mercedes,B-Class Electric,2015,1906,2014
1765,PEV,Mercedes,B-Class Electric,2016,632,2014
1766,PEV,Mercedes,B-Class Electric,2017,744,2014
1767,PEV,Mercedes,C350We Plug-in Hybrid,1999,0,2016
1768,PEV,Mercedes,C350We Plug-in Hybrid,2000,0,2016
1769,PEV,Mercedes,C350We Plug-in Hybrid,2001,0,2016
1770,PEV,Mercedes,C350We Plug-in Hybrid,2002,0,2016
1771,PEV,Mercedes,C350We Plug-in Hybrid,2003,0,2016
1772,PEV,Mercedes,C350We Plug-in Hybrid,2004,0,2016
1773,PEV,Mercedes,C350We Plug-in Hybrid,2005,0,2016
1774,PEV,Mercedes,C350We Plug-in Hybrid,2006,0,2016
1775,PEV,Mercedes,C350We Plug-in Hybrid,2007,0,2016
1776,PEV,Mercedes,C350We Plug-in Hybrid,2008,0,2016
1777,PEV,Mercedes,C350We Plug-in Hybrid,2009,0,2016
1778,PEV,Mercedes,C350We Plug-in Hybrid,2010,0,2016
1779,PEV,Mercedes,C350We Plug-in Hybrid,2011,0,2016
1780,PEV,Mercedes,C350We Plug-in Hybrid,2012,0,2016
1781,PEV,Mercedes,C350We Plug-in Hybrid,2013,0,2016
1782,PEV,Mercedes,C350We Plug-in Hybrid,2014,0,2016
1783,PEV,Mercedes,C350We Plug-in Hybrid,2015,0,2016
1784,PEV,Mercedes,C350We Plug-in Hybrid,2016,171,2016
1785,PEV,Mercedes,C350We Plug-in Hybrid,2017,810,2016
1786,PEV,Mercedes,GLE 550e Hybrid,1999,0,2016
1787,PEV,Mercedes,GLE 550e Hybrid,2000,0,2016
1788,PEV,Mercedes,GLE 550e Hybrid,2001,0,2016
1789,PEV,Mercedes,GLE 550e Hybrid,2002,0,2016
1790,PEV,Mercedes,GLE 550e Hybrid,2003,0,2016
1791,PEV,Mercedes,GLE 550e Hybrid,2004,0,2016
1792,PEV,Mercedes,GLE 550e Hybrid,2005,0,2016
1793,PEV,Mercedes,GLE 550e Hybrid,2006,0,2016
1794,PEV,Mercedes,GLE 550e Hybrid,2007,0,2016
1795,PEV,Mercedes,GLE 550e Hybrid,2008,0,2016
1796,PEV,Mercedes,GLE 550e Hybrid,2009,0,2016
1797,PEV,Mercedes,GLE 550e Hybrid,2010,0,2016
1798,PEV,Mercedes,GLE 550e Hybrid,2011,0,2016
1799,PEV,Mercedes,GLE 550e Hybrid,2012,0,2016
1800,PEV,Mercedes,GLE 550e Hybrid,2013,0,2016
1801,PEV,Mercedes,GLE 550e Hybrid,2014,0,2016
1802,PEV,Mercedes,GLE 550e Hybrid,2015,0,2016
1803,PEV,Mercedes,GLE 550e Hybrid,2016,212,2016
1804,PEV,Mercedes,GLE 550e Hybrid,2017,430,2016
1805,PEV,Mercedes,S550 Plug In,1999,0,2015
1806,PEV,Mercedes,S550 Plug In,2000,0,2015
1807,PEV,Mercedes,S550 Plug In,2001,0,2015
1808,PEV,Mercedes,S550 Plug In,2002,0,2015
1809,PEV,Mercedes,S550 Plug In,2003,0,2015
1810,PEV,Mercedes,S550 Plug In,2004,0,2015
1811,PEV,Mercedes,S550 Plug In,2005,0,2015
1812,PEV,Mercedes,S550 Plug In,2006,0,2015
1813,PEV,Mercedes,S550 Plug In,2007,0,2015
1814,PEV,Mercedes,S550 Plug In,2008,0,2015
1815,PEV,Mercedes,S550 Plug In,2009,0,2015
1816,PEV,Mercedes,S550 Plug In,2010,0,2015
1817,PEV,Mercedes,S550 Plug In,2011,0,2015
1818,PEV,Mercedes,S550 Plug In,2012,0,2015
1819,PEV,Mercedes,S550 Plug In,2013,0,2015
1820,PEV,Mercedes,S550 Plug In,2014,0,2015
1821,PEV,Mercedes,S550 Plug In,2015,118,2015
1822,PEV,Mercedes,S550 Plug In,2016,550,2015
1823,PEV,Mercedes,S550 Plug In,2017,583,2015
1824,PEV,Mini,Cooper Countryman Plug In,1999,0,2017
1825,PEV,Mini,Cooper Countryman Plug In,2000,0,2017
1826,PEV,Mini,Cooper Countryman Plug In,2001,0,2017
1827,PEV,Mini,Cooper Countryman Plug In,2002,0,2017
1828,PEV,Mini,Cooper Countryman Plug In,2003,0,2017
1829,PEV,Mini,Cooper Countryman Plug In,2004,0,2017
1830,PEV,Mini,Cooper Countryman Plug In,2005,0,2017
1831,PEV,Mini,Cooper Countryman Plug In,2006,0,2017
1832,PEV,Mini,Cooper Countryman Plug In,2007,0,2017
1833,PEV,Mini,Cooper Countryman Plug In,2008,0,2017
1834,PEV,Mini,Cooper Countryman Plug In,2009,0,2017
1835,PEV,Mini,Cooper Countryman Plug In,2010,0,2017
1836,PEV,Mini,Cooper Countryman Plug In,2011,0,2017
1837,PEV,Mini,Cooper Countryman Plug In,2012,0,2017
1838,PEV,Mini,Cooper Countryman Plug In,2013,0,2017
1839,PEV,Mini,Cooper Countryman Plug In,2014,0,2017
1840,PEV,Mini,Cooper Countryman Plug In,2015,0,2017
1841,PEV,Mini,Cooper Countryman Plug In,2016,0,2017
1842,PEV,Mini,Cooper Countryman Plug In,2017,475,2017
1843,PEV,Mitsubishi,i-MiEV,1999,0,2011
1844,PEV,Mitsubishi,i-MiEV,2000,0,2011
1845,PEV,Mitsubishi,i-MiEV,2001,0,2011
1846,PEV,Mitsubishi,i-MiEV,2002,0,2011
1847,PEV,Mitsubishi,i-MiEV,2003,0,2011
1848,PEV,Mitsubishi,i-MiEV,2004,0,2011
1849,PEV,Mitsubishi,i-MiEV,2005,0,2011
1850,PEV,Mitsubishi,i-MiEV,2006,0,2011
1851,PEV,Mitsubishi,i-MiEV,2007,0,2011
1852,PEV,Mitsubishi,i-MiEV,2008,0,2011
1853,PEV,Mitsubishi,i-MiEV,2009,0,2011
1854,PEV,Mitsubishi,i-MiEV,2010,0,2011
1855,PEV,Mitsubishi,i-MiEV,2011,76,2011
1856,PEV,Mitsubishi,i-MiEV,2012,588,2011
1857,PEV,Mitsubishi,i-MiEV,2013,1029,2011
1858,PEV,Mitsubishi,i-MiEV,2014,196,2011
1859,PEV,Mitsubishi,i-MiEV,2015,115,2011
1860,PEV,Mitsubishi,i-MiEV,2016,94,2011
1861,PEV,Mitsubishi,i-MiEV,2017,6,2011
1862,PEV,Nissan,LEAF,1999,0,2011
1863,PEV,Nissan,LEAF,2000,0,2011
1864,PEV,Nissan,LEAF,2001,0,2011
1865,PEV,Nissan,LEAF,2002,0,2011
1866,PEV,Nissan,LEAF,2003,0,2011
1867,PEV,Nissan,LEAF,2004,0,2011
1868,PEV,Nissan,LEAF,2005,0,2011
1869,PEV,Nissan,LEAF,2006,0,2011
1870,PEV,Nissan,LEAF,2007,0,2011
1871,PEV,Nissan,LEAF,2008,0,2011
1872,PEV,Nissan,LEAF,2009,0,2011
1873,PEV,Nissan,LEAF,2010,0,2011
1874,PEV,Nissan,LEAF,2011,9674,2011
1875,PEV,Nissan,LEAF,2012,9819,2011
1876,PEV,Nissan,LEAF,2013,22610,2011
1877,PEV,Nissan,LEAF,2014,30200,2011
1878,PEV,Nissan,LEAF,2015,17269,2011
1879,PEV,Nissan,LEAF,2016,14006,2011
1880,PEV,Nissan,LEAF,2017,11230,2011
1881,PEV,Porsche,Cayenne S E-Hybrid,1999,0,2014
1882,PEV,Porsche,Cayenne S E-Hybrid,2000,0,2014
1883,PEV,Porsche,Cayenne S E-Hybrid,2001,0,2014
1884,PEV,Porsche,Cayenne S E-Hybrid,2002,0,2014
1885,PEV,Porsche,Cayenne S E-Hybrid,2003,0,2014
1886,PEV,Porsche,Cayenne S E-Hybrid,2004,0,2014
1887,PEV,Porsche,Cayenne S E-Hybrid,2005,0,2014
1888,PEV,Porsche,Cayenne S E-Hybrid,2006,0,2014
1889,PEV,Porsche,Cayenne S E-Hybrid,2007,0,2014
1890,PEV,Porsche,Cayenne S E-Hybrid,2008,0,2014
1891,PEV,Porsche,Cayenne S E-Hybrid,2009,0,2014
1892,PEV,Porsche,Cayenne S E-Hybrid,2010,0,2014
1893,PEV,Porsche,Cayenne S E-Hybrid,2011,0,2014
1894,PEV,Porsche,Cayenne S E-Hybrid,2012,0,2014
1895,PEV,Porsche,Cayenne S E-Hybrid,2013,0,2014
1896,PEV,Porsche,Cayenne S E-Hybrid,2014,112,2014
1897,PEV,Porsche,Cayenne S E-Hybrid,2015,1163,2014
1898,PEV,Porsche,Cayenne S E-Hybrid,2016,2111,2014
1899,PEV,Porsche,Cayenne S E-Hybrid,2017,1574,2014
1900,PEV,Porsche,Panamera S E-Hybrid,1999,0,2013
1901,PEV,Porsche,Panamera S E-Hybrid,2000,0,2013
1902,PEV,Porsche,Panamera S E-Hybrid,2001,0,2013
1903,PEV,Porsche,Panamera S E-Hybrid,2002,0,2013
1904,PEV,Porsche,Panamera S E-Hybrid,2003,0,2013
1905,PEV,Porsche,Panamera S E-Hybrid,2004,0,2013
1906,PEV,Porsche,Panamera S E-Hybrid,2005,0,2013
1907,PEV,Porsche,Panamera S E-Hybrid,2006,0,2013
1908,PEV,Porsche,Panamera S E-Hybrid,2007,0,2013
1909,PEV,Porsche,Panamera S E-Hybrid,2008,0,2013
1910,PEV,Porsche,Panamera S E-Hybrid,2009,0,2013
1911,PEV,Porsche,Panamera S E-Hybrid,2010,0,2013
1912,PEV,Porsche,Panamera S E-Hybrid,2011,0,2013
1913,PEV,Porsche,Panamera S E-Hybrid,2012,0,2013
1914,PEV,Porsche,Panamera S E-Hybrid,2013,51,2013
1915,PEV,Porsche,Panamera S E-Hybrid,2014,879,2013
1916,PEV,Porsche,Panamera S E-Hybrid,2015,407,2013
1917,PEV,Porsche,Panamera S E-Hybrid,2016,393,2013
1918,PEV,Porsche,Panamera S E-Hybrid,2017,18,2013
1919,PEV,Smart,ED,1999,0,2011
1920,PEV,Smart,ED,2000,0,2011
1921,PEV,Smart,ED,2001,0,2011
1922,PEV,Smart,ED,2002,0,2011
1923,PEV,Smart,ED,2003,0,2011
1924,PEV,Smart,ED,2004,0,2011
1925,PEV,Smart,ED,2005,0,2011
1926,PEV,Smart,ED,2006,0,2011
1927,PEV,Smart,ED,2007,0,2011
1928,PEV,Smart,ED,2008,0,2011
1929,PEV,Smart,ED,2009,0,2011
1930,PEV,Smart,ED,2010,0,2011
1931,PEV,Smart,ED,2011,310,2011
1932,PEV,Smart,ED,2012,2,2011
1933,PEV,Smart,ED,2013,0,2011
1934,PEV,Smart,ED,2014,0,2011
1935,PEV,Smart,ED,2015,0,2011
1936,PEV,Smart,ED,2016,0,2011
1937,PEV,Smart,ED,2017,0,2011
1938,PEV,Smart,for Two EV,1999,0,2012
1939,PEV,Smart,for Two EV,2000,0,2012
1940,PEV,Smart,for Two EV,2001,0,2012
1941,PEV,Smart,for Two EV,2002,0,2012
1942,PEV,Smart,for Two EV,2003,0,2012
1943,PEV,Smart,for Two EV,2004,0,2012
1944,PEV,Smart,for Two EV,2005,0,2012
1945,PEV,Smart,for Two EV,2006,0,2012
1946,PEV,Smart,for Two EV,2007,0,2012
1947,PEV,Smart,for Two EV,2008,0,2012
1948,PEV,Smart,for Two EV,2009,0,2012
1949,PEV,Smart,for Two EV,2010,0,2012
1950,PEV,Smart,for Two EV,2011,0,2012
1951,PEV,Smart,for Two EV,2012,137,2012
1952,PEV,Smart,for Two EV,2013,923,2012
1953,PEV,Smart,for Two EV,2014,2594,2012
1954,PEV,Smart,for Two EV,2015,1387,2012
1955,PEV,Smart,for Two EV,2016,657,2012
1956,PEV,Smart,for Two EV,2017,543,2012
1957,PEV,Tesla,Model 3,1999,0,2017
1958,PEV,Tesla,Model 3,2000,0,2017
1959,PEV,Tesla,Model 3,2001,0,2017
1960,PEV,Tesla,Model 3,2002,0,2017
1961,PEV,Tesla,Model 3,2003,0,2017
1962,PEV,Tesla,Model 3,2004,0,2017
1963,PEV,Tesla,Model 3,2005,0,2017
1964,PEV,Tesla,Model 3,2006,0,2017
1965,PEV,Tesla,Model 3,2007,0,2017
1966,PEV,Tesla,Model 3,2008,0,2017
1967,PEV,Tesla,Model 3,2009,0,2017
1968,PEV,Tesla,Model 3,2010,0,2017
1969,PEV,Tesla,Model 3,2011,0,2017
1970,PEV,Tesla,Model 3,2012,0,2017
1971,PEV,Tesla,Model 3,2013,0,2017
1972,PEV,Tesla,Model 3,2014,0,2017
1973,PEV,Tesla,Model 3,2015,0,2017
1974,PEV,Tesla,Model 3,2016,0,2017
1975,PEV,Tesla,Model 3,2017,1770,2017
1976,PEV,Tesla,Model S,1999,0,2012
1977,PEV,Tesla,Model S,2000,0,2012
1978,PEV,Tesla,Model S,2001,0,2012
1979,PEV,Tesla,Model S,2002,0,2012
1980,PEV,Tesla,Model S,2003,0,2012
1981,PEV,Tesla,Model S,2004,0,2012
1982,PEV,Tesla,Model S,2005,0,2012
1983,PEV,Tesla,Model S,2006,0,2012
1984,PEV,Tesla,Model S,2007,0,2012
1985,PEV,Tesla,Model S,2008,0,2012
1986,PEV,Tesla,Model S,2009,0,2012
1987,PEV,Tesla,Model S,2010,0,2012
1988,PEV,Tesla,Model S,2011,0,2012
1989,PEV,Tesla,Model S,2012,2171,2012
1990,PEV,Tesla,Model S,2013,19000,2012
1991,PEV,Tesla,Model S,2014,16750,2012
1992,PEV,Tesla,Model S,2015,26200,2012
1993,PEV,Tesla,Model S,2016,30200,2012
1994,PEV,Tesla,Model S,2017,26500,2012
1995,PEV,Tesla,Model X,1999,0,2015
1996,PEV,Tesla,Model X,2000,0,2015
1997,PEV,Tesla,Model X,2001,0,2015
1998,PEV,Tesla,Model X,2002,0,2015
1999,PEV,Tesla,Model X,2003,0,2015
2000,PEV,Tesla,Model X,2004,0,2015
2001,PEV,Tesla,Model X,2005,0,2015
2002,PEV,Tesla,Model X,2006,0,2015
2003,PEV,Tesla,Model X,2007,0,2015
2004,PEV,Tesla,Model X,2008,0,2015
2005,PEV,Tesla,Model X,2009,0,2015
2006,PEV,Tesla,Model X,2010,0,2015
2007,PEV,Tesla,Model X,2011,0,2015
2008,PEV,Tesla,Model X,2012,0,2015
2009,PEV,Tesla,Model X,2013,0,2015
2010,PEV,Tesla,Model X,2014,0,2015
2011,PEV,Tesla,Model X,2015,208,2015
2012,PEV,Tesla,Model X,2016,19600,2015
2013,PEV,Tesla,Model X,2017,21700,2015
2014,PEV,Toyota,Prius Prime,1999,0,2012
2015,PEV,Toyota,Prius Prime,2000,0,2012
2016,PEV,Toyota,Prius Prime,2001,0,2012
2017,PEV,Toyota,Prius Prime,2002,0,2012
2018,PEV,Toyota,Prius Prime,2003,0,2012
2019,PEV,Toyota,Prius Prime,2004,0,2012
2020,PEV,Toyota,Prius Prime,2005,0,2012
2021,PEV,Toyota,Prius Prime,2006,0,2012
2022,PEV,Toyota,Prius Prime,2007,0,2012
2023,PEV,Toyota,Prius Prime,2008,0,2012
2024,PEV,Toyota,Prius Prime,2009,0,2012
2025,PEV,Toyota,Prius Prime,2010,0,2012
2026,PEV,Toyota,Prius Prime,2011,0,2012
2027,PEV,Toyota,Prius Prime,2012,12749,2012
2028,PEV,Toyota,Prius Prime,2013,12088,2012
2029,PEV,Toyota,Prius Prime,2014,13264,2012
2030,PEV,Toyota,Prius Prime,2015,4191,2012
2031,PEV,Toyota,Prius Prime,2016,2474,2012
2032,PEV,Toyota,Prius Prime,2017,20936,2012
2033,PEV,Toyota,RAV4 EV,1999,0,2012
2034,PEV,Toyota,RAV4 EV,2000,0,2012
2035,PEV,Toyota,RAV4 EV,2001,0,2012
2036,PEV,Toyota,RAV4 EV,2002,0,2012
2037,PEV,Toyota,RAV4 EV,2003,0,2012
2038,PEV,Toyota,RAV4 EV,2004,0,2012
2039,PEV,Toyota,RAV4 EV,2005,0,2012
2040,PEV,Toyota,RAV4 EV,2006,0,2012
2041,PEV,Toyota,RAV4 EV,2007,0,2012
2042,PEV,Toyota,RAV4 EV,2008,0,2012
2043,PEV,Toyota,RAV4 EV,2009,0,2012
2044,PEV,Toyota,RAV4 EV,2010,0,2012
2045,PEV,Toyota,RAV4 EV,2011,0,2012
2046,PEV,Toyota,RAV4 EV,2012,192,2012
2047,PEV,Toyota,RAV4 EV,2013,1005,2012
2048,PEV,Toyota,RAV4 EV,2014,1184,2012
2049,PEV,Toyota,RAV4 EV,2015,18,2012
2050,PEV,Toyota,RAV4 EV,2016,0,2012
2051,PEV,Toyota,RAV4 EV,2017,0,2012
2052,PEV,VW,e-Golf,1999,0,2014
2053,PEV,VW,e-Golf,2000,0,2014
2054,PEV,VW,e-Golf,2001,0,2014
2055,PEV,VW,e-Golf,2002,0,2014
2056,PEV,VW,e-Golf,2003,0,2014
2057,PEV,VW,e-Golf,2004,0,2014
2058,PEV,VW,e-Golf,2005,0,2014
2059,PEV,VW,e-Golf,2006,0,2014
2060,PEV,VW,e-Golf,2007,0,2014
2061,PEV,VW,e-Golf,2008,0,2014
2062,PEV,VW,e-Golf,2009,0,2014
2063,PEV,VW,e-Golf,2010,0,2014
2064,PEV,VW,e-Golf,2011,0,2014
2065,PEV,VW,e-Golf,2012,0,2014
2066,PEV,VW,e-Golf,2013,0,2014
2067,PEV,VW,e-Golf,2014,357,2014
2068,PEV,VW,e-Golf,2015,4232,2014
2069,PEV,VW,e-Golf,2016,3937,2014
2070,PEV,VW,e-Golf,2017,3534,2014
2071,PEV,Volvo,S90 Plug In,1999,0,2017
2072,PEV,Volvo,S90 Plug In,2000,0,2017
2073,PEV,Volvo,S90 Plug In,2001,0,2017
2074,PEV,Volvo,S90 Plug In,2002,0,2017
2075,PEV,Volvo,S90 Plug In,2003,0,2017
2076,PEV,Volvo,S90 Plug In,2004,0,2017
2077,PEV,Volvo,S90 Plug In,2005,0,2017
2078,PEV,Volvo,S90 Plug In,2006,0,2017
2079,PEV,Volvo,S90 Plug In,2007,0,2017
2080,PEV,Volvo,S90 Plug In,2008,0,2017
2081,PEV,Volvo,S90 Plug In,2009,0,2017
2082,PEV,Volvo,S90 Plug In,2010,0,2017
2083,PEV,Volvo,S90 Plug In,2011,0,2017
2084,PEV,Volvo,S90 Plug In,2012,0,2017
2085,PEV,Volvo,S90 Plug In,2013,0,2017
2086,PEV,Volvo,S90 Plug In,2014,0,2017
2087,PEV,Volvo,S90 Plug In,2015,0,2017
2088,PEV,Volvo,S90 Plug In,2016,0,2017
2089,PEV,Volvo,S90 Plug In,2017,112,2017
2090,PEV,Volvo,XC60,1999,0,2017
2091,PEV,Volvo,XC60,2000,0,2017
2092,PEV,Volvo,XC60,2001,0,2017
2093,PEV,Volvo,XC60,2002,0,2017
2094,PEV,Volvo,XC60,2003,0,2017
2095,PEV,Volvo,XC60,2004,0,2017
2096,PEV,Volvo,XC60,2005,0,2017
2097,PEV,Volvo,XC60,2006,0,2017
2098,PEV,Volvo,XC60,2007,0,2017
2099,PEV,Volvo,XC60,2008,0,2017
2100,PEV,Volvo,XC60,2009,0,2017
2101,PEV,Volvo,XC60,2010,0,2017
2102,PEV,Volvo,XC60,2011,0,2017
2103,PEV,Volvo,XC60,2012,0,2017
2104,PEV,Volvo,XC60,2013,0,2017
2105,PEV,Volvo,XC60,2014,0,2017
2106,PEV,Volvo,XC60,2015,0,2017
2107,PEV,Volvo,XC60,2016,0,2017
2108,PEV,Volvo,XC60,2017,518,2017
2109,PEV,Volvo,XC90,1999,0,2017
2110,PEV,Volvo,XC90,2000,0,2017
2111,PEV,Volvo,XC90,2001,0,2017
2112,PEV,Volvo,XC90,2002,0,2017
2113,PEV,Volvo,XC90,2003,0,2017
2114,PEV,Volvo,XC90,2004,0,2017
2115,PEV,Volvo,XC90,2005,0,2017
2116,PEV,Volvo,XC90,2006,0,2017
2117,PEV,Volvo,XC90,2007,0,2017
2118,PEV,Volvo,XC90,2008,0,2017
2119,PEV,Volvo,XC90,2009,0,2017
2120,PEV,Volvo,XC90,2010,0,2017
2121,PEV,Volvo,XC90,2011,0,2017
2122,PEV,Volvo,XC90,2012,0,2017
2123,PEV,Volvo,XC90,2013,0,2017
2124,PEV,Volvo,XC90,2014,0,2017
2125,PEV,Volvo,XC90,2015,86,2017
2126,PEV,Volvo,XC90,2016,2015,2017
2127,PEV,Volvo,XC90,2017,2196,2017
